-- phpMyAdmin SQL Dump
-- version 5.2.0
-- https://www.phpmyadmin.net/
--
-- Хост: 127.0.0.1:3306
-- Время создания: Июн 06 2025 г., 02:18
-- Версия сервера: 10.8.4-MariaDB-log
-- Версия PHP: 8.1.9

SET SQL_MODE = "NO_AUTO_VALUE_ON_ZERO";
START TRANSACTION;
SET time_zone = "+00:00";


/*!40101 SET @OLD_CHARACTER_SET_CLIENT=@@CHARACTER_SET_CLIENT */;
/*!40101 SET @OLD_CHARACTER_SET_RESULTS=@@CHARACTER_SET_RESULTS */;
/*!40101 SET @OLD_COLLATION_CONNECTION=@@COLLATION_CONNECTION */;
/*!40101 SET NAMES utf8mb4 */;

--
-- База данных: `app_Afisha`
--

-- --------------------------------------------------------

--
-- Структура таблицы `Bookings`
--

CREATE TABLE `Bookings` (
  `booking_id` int(11) NOT NULL,
  `user_id` int(11) NOT NULL,
  `ticket_id` int(11) DEFAULT NULL,
  `seat_id` int(11) DEFAULT NULL,
  `quantity` int(11) NOT NULL,
  `total_price` decimal(10,2) NOT NULL,
  `booking_date` timestamp NULL DEFAULT current_timestamp(),
  `status` varchar(20) DEFAULT 'pending',
  `payment_method` varchar(50) DEFAULT NULL,
  `created_at` datetime NOT NULL,
  `updated_at` datetime NOT NULL,
  `deleted_at` datetime DEFAULT NULL,
  `event_id` int(11) DEFAULT NULL
) ENGINE=InnoDB DEFAULT CHARSET=utf8mb4;

--
-- Дамп данных таблицы `Bookings`
--

INSERT INTO `Bookings` (`booking_id`, `user_id`, `ticket_id`, `seat_id`, `quantity`, `total_price`, `booking_date`, `status`, `payment_method`, `created_at`, `updated_at`, `deleted_at`, `event_id`) VALUES
(2, 2, NULL, 1, 1, '1200.00', '2025-05-13 06:03:09', 'confirmed', 'online_payment', '0000-00-00 00:00:00', '0000-00-00 00:00:00', '0000-00-00 00:00:00', NULL),
(3, 1, 3, NULL, 1, '800.00', '2025-05-13 06:03:09', 'pending', NULL, '0000-00-00 00:00:00', '0000-00-00 00:00:00', '0000-00-00 00:00:00', NULL),
(4, 5, NULL, NULL, 1, '1500.00', '2025-05-29 08:03:11', 'confirmed', NULL, '2025-05-29 08:03:11', '2025-05-29 08:03:11', '0000-00-00 00:00:00', NULL),
(5, 5, NULL, NULL, 1, '1500.00', '2025-05-29 08:03:20', 'confirmed', NULL, '2025-05-29 08:03:20', '2025-05-29 08:03:20', '0000-00-00 00:00:00', NULL),
(6, 5, NULL, NULL, 1, '1500.00', '2025-05-29 08:04:07', 'confirmed', NULL, '2025-05-29 08:04:07', '2025-05-29 08:04:07', '0000-00-00 00:00:00', NULL),
(7, 5, NULL, NULL, 1, '800.00', '2025-05-29 08:10:10', 'confirmed', NULL, '2025-05-29 08:10:10', '2025-05-29 08:10:10', '0000-00-00 00:00:00', NULL),
(8, 5, NULL, NULL, 1, '1500.00', '2025-05-29 08:23:45', 'cancelled', NULL, '2025-05-29 08:23:45', '2025-06-01 09:19:34', '2025-06-01 09:19:34', NULL),
(9, 5, NULL, NULL, 1, '800.00', '2025-05-29 08:26:51', 'confirmed', NULL, '2025-05-29 08:26:51', '2025-06-01 09:15:12', '2025-06-01 09:15:12', NULL);

-- --------------------------------------------------------

--
-- Структура таблицы `Events`
--

CREATE TABLE `Events` (
  `event_id` int(11) NOT NULL,
  `organizer_id` int(11) NOT NULL,
  `title` varchar(100) NOT NULL,
  `description` text DEFAULT NULL,
  `category` varchar(50) NOT NULL,
  `start_datetime` datetime NOT NULL,
  `end_datetime` datetime NOT NULL,
  `location` varchar(255) NOT NULL,
  `age_restriction` int(11) DEFAULT NULL,
  `poster` varchar(255) DEFAULT NULL,
  `is_published` tinyint(1) DEFAULT 0,
  `created_at` timestamp NULL DEFAULT current_timestamp(),
  `is_free` int(11) NOT NULL,
  `is_featured` int(11) DEFAULT 0,
  `price` int(11) NOT NULL,
  `is_booking` int(11) DEFAULT 1,
  `link` varchar(255) DEFAULT NULL,
  `updated_at` datetime NOT NULL,
  `booking_type` enum('seated','general') NOT NULL,
  `deleted_at` datetime DEFAULT NULL
) ENGINE=InnoDB DEFAULT CHARSET=utf8mb4;

--
-- Дамп данных таблицы `Events`
--

INSERT INTO `Events` (`event_id`, `organizer_id`, `title`, `description`, `category`, `start_datetime`, `end_datetime`, `location`, `age_restriction`, `poster`, `is_published`, `created_at`, `is_free`, `is_featured`, `price`, `is_booking`, `link`, `updated_at`, `booking_type`, `deleted_at`) VALUES
(1, 1, 'Рок-фестиваль \"Лето\"', 'Ежегодный рок-фестиваль с участием местных и приглашенных групп', 'concert', '2025-06-15 18:00:00', '2025-06-15 23:00:00', 'Парк культуры и отдыха, Каменск-Уральский', 16, 'Рок-фестиваль Лето.jpg', 1, '2025-05-13 06:03:08', 0, 0, 345, 0, 'https://usadbagrebnevo.com/meropriyatiya/15-17-avgusta-festival-rok-uikend-v-grebnevo/', '0000-00-00 00:00:00', 'seated', '0000-00-00 00:00:00'),
(2, 1, 'Джаз под звездами', 'Вечер джазовой музыки с участием лучших джазовых коллективов города', 'concert', '2025-07-20 19:00:00', '2025-07-20 22:00:00', 'Дворец культуры \"Металлург\", Каменск-Уральский', 12, 'Джаз под звездами.jpg', 1, '2025-05-13 06:03:08', 0, 0, 555, 1, '', '0000-00-00 00:00:00', 'seated', '0000-00-00 00:00:00'),
(3, 2, 'Городской день рождения', 'Торжественное празднование дня города с концертами, ярмаркой и фейерверком', 'festival', '2025-08-30 12:00:00', '2025-08-30 23:59:00', 'Центральная площадь, Каменск-Уральский', 0, 'Городской день рождения.jpg', 1, '2025-05-13 06:03:08', 0, 0, 66, 1, '', '0000-00-00 00:00:00', 'seated', '0000-00-00 00:00:00'),
(4, 1, 'Фестиваль уральской кухни1', 'Гастрономический фестиваль с блюдами уральской кухни и мастер-классами', 'festival', '2025-06-10 11:00:00', '2025-06-10 20:00:00', 'Набережная реки Исеть, Каменск-Уральский', 0, 'Фестиваль уральской кухни1.jpg', 1, '2025-05-28 18:46:00', 1, 0, 0, 1, '', '2025-06-01 09:23:14', 'seated', '0000-00-00 00:00:00'),
(5, 2, 'Выставка \"Каменск исторический\"', 'Выставка фотографий и артефактов, рассказывающих об истории города', 'exhibition', '2025-07-15 10:00:00', '2025-08-15 18:00:00', 'Краеведческий музей им. И.Я. Стяжкина, Каменск-Уральский', 0, '4.jpg', 1, '2025-05-28 18:46:00', 1, 1, 0, 1, '', '0000-00-00 00:00:00', 'general', '0000-00-00 00:00:00'),
(6, 1, 'Концерт группы \"Уральские пельмени\"', 'Юмористическое шоу от известного коллектива', 'concert', '2025-09-05 19:00:00', '2025-09-05 22:00:00', 'Дворец культуры \"Юность\", Каменск-Уральский', 16, '1.jpg', 1, '2025-05-28 18:46:00', 0, 1, 1500, 1, '', '0000-00-00 00:00:00', 'seated', '0000-00-00 00:00:00'),
(7, 2, 'День металлурга', 'Городской праздник с концертом, конкурсами и фейерверком', 'festival', '2025-07-19 12:00:00', '2025-07-19 23:00:00', 'Парк Победы, Каменск-Уральский', 0, 'День металлурга.jpg', 1, '2025-05-28 18:46:00', 1, 0, 0, 1, '', '0000-00-00 00:00:00', 'seated', '0000-00-00 00:00:00'),
(8, 1, 'Театральный фестиваль \"Малая сцена\"', 'Выступления театральных коллективов со всей области', 'theater', '2025-10-01 18:00:00', '2025-10-05 22:00:00', 'Драматический театр, Каменск-Уральский', 12, 'Театральный фестиваль Малая сцена.jpg', 1, '2025-05-28 18:46:00', 0, 1, 800, 1, '', '0000-00-00 00:00:00', 'general', '0000-00-00 00:00:00'),
(19, 6, 'Мероприятие', 'Мероприятие', 'concert', '2025-06-03 20:48:00', '2025-06-04 00:48:00', 'Место проведения', NULL, NULL, 1, '2025-06-02 12:50:45', 0, 0, 333, 1, NULL, '2025-06-02 15:50:45', 'seated', NULL),
(21, 6, 'kiberOne', 'kiberOne', 'concert', '2025-06-06 07:15:00', '2025-06-10 04:16:00', 'kiberOne', 33, NULL, 1, '2025-06-05 20:16:48', 0, 0, 333, 1, NULL, '2025-06-05 23:16:48', 'seated', NULL);

-- --------------------------------------------------------

--
-- Структура таблицы `Favorites`
--

CREATE TABLE `Favorites` (
  `favorite_id` int(11) NOT NULL,
  `user_id` int(11) NOT NULL,
  `event_id` int(11) NOT NULL,
  `added_at` timestamp NULL DEFAULT current_timestamp(),
  `updated_at` datetime NOT NULL,
  `created_at` datetime NOT NULL
) ENGINE=InnoDB DEFAULT CHARSET=utf8mb4;

--
-- Дамп данных таблицы `Favorites`
--

INSERT INTO `Favorites` (`favorite_id`, `user_id`, `event_id`, `added_at`, `updated_at`, `created_at`) VALUES
(1, 1, 2, '2025-05-13 06:03:09', '0000-00-00 00:00:00', '0000-00-00 00:00:00'),
(2, 2, 1, '2025-05-13 06:03:09', '0000-00-00 00:00:00', '0000-00-00 00:00:00'),
(3, 2, 3, '2025-05-13 06:03:09', '0000-00-00 00:00:00', '0000-00-00 00:00:00'),
(5, 5, 7, '2025-05-28 19:25:35', '2025-05-28 19:25:35', '2025-05-28 19:25:35'),
(6, 5, 1, '2025-05-29 06:14:25', '2025-05-29 06:14:25', '2025-05-29 06:14:25'),
(7, 5, 5, '2025-05-29 07:24:37', '2025-05-29 07:24:37', '2025-05-29 07:24:37'),
(8, 5, 4, '2025-05-29 08:25:33', '2025-05-29 08:25:33', '2025-05-29 08:25:33');

-- --------------------------------------------------------

--
-- Структура таблицы `News`
--

CREATE TABLE `News` (
  `news_id` int(11) NOT NULL,
  `organizer_id` int(11) NOT NULL,
  `title` varchar(100) NOT NULL,
  `content` text DEFAULT NULL,
  `image` varchar(255) DEFAULT NULL,
  `created_at` timestamp NULL DEFAULT current_timestamp(),
  `is_pinned` tinyint(1) DEFAULT 0,
  `category` varchar(255) NOT NULL
) ENGINE=InnoDB DEFAULT CHARSET=utf8mb4;

--
-- Дамп данных таблицы `News`
--

INSERT INTO `News` (`news_id`, `organizer_id`, `title`, `content`, `image`, `created_at`, `is_pinned`, `category`) VALUES
(1, 1, 'Изменение в программе рок-фестиваля', 'Группа \"Алиса\" не сможет выступить на фестивале, вместо нее будет группа \"Кино\"', 'news1.jpg', '2025-05-13 06:03:08', 1, ''),
(2, 2, 'Программа дня города', 'Опубликована полная программа празднования дня города', 'news2.jpg', '2025-05-13 06:03:08', 0, '');

-- --------------------------------------------------------

--
-- Структура таблицы `Notifications`
--

CREATE TABLE `Notifications` (
  `notification_id` int(11) NOT NULL,
  `user_id` int(11) NOT NULL,
  `message` text NOT NULL,
  `is_read` tinyint(1) DEFAULT 0,
  `created_at` timestamp NULL DEFAULT current_timestamp()
) ENGINE=InnoDB DEFAULT CHARSET=utf8mb4;

--
-- Дамп данных таблицы `Notifications`
--

INSERT INTO `Notifications` (`notification_id`, `user_id`, `message`, `is_read`, `created_at`) VALUES
(1, 1, 'Ваше бронирование на рок-фестиваль подтверждено', 1, '2025-05-13 06:03:09'),
(2, 2, 'Осталось 3 дня до начала джазового вечера', 0, '2025-05-13 06:03:09');

-- --------------------------------------------------------

--
-- Структура таблицы `Organizers`
--

CREATE TABLE `Organizers` (
  `organizer_id` int(11) NOT NULL,
  `user_id` int(11) NOT NULL,
  `organization_name` varchar(100) NOT NULL,
  `description` text DEFAULT NULL,
  `logo_url` varchar(255) DEFAULT NULL,
  `contact_person` varchar(100) DEFAULT NULL,
  `is_verified` tinyint(1) DEFAULT 0,
  `contact_info` varchar(255) NOT NULL,
  `updated_at` timestamp NULL DEFAULT NULL,
  `created_at` datetime(6) DEFAULT NULL
) ENGINE=InnoDB DEFAULT CHARSET=utf8mb4;

--
-- Дамп данных таблицы `Organizers`
--

INSERT INTO `Organizers` (`organizer_id`, `user_id`, `organization_name`, `description`, `logo_url`, `contact_person`, `is_verified`, `contact_info`, `updated_at`, `created_at`) VALUES
(1, 3, 'Концертное агентство \"Мелодия\"', 'Организация концертов и музыкальных мероприятий', 'https://example.com/logos/melody.jpg', 'Сидоров Алексей', 1, '', '0000-00-00 00:00:00', '0000-00-00 00:00:00.000000'),
(2, 4, 'Администрация города', 'Официальные городские мероприятия', 'https://example.com/logos/city_admin.jpg', 'Иванова Мария', 1, '', '0000-00-00 00:00:00', '0000-00-00 00:00:00.000000'),
(5, 12, 'qwertyuioop', 'qwertyuioop', NULL, 'qwertyuioop', 0, 'qwertyuioop', '2025-06-01 06:50:46', '2025-06-01 09:50:46.000000'),
(6, 13, 'organizer@organizers', 'organizer@organizers', NULL, 'organizer@organizers', 0, 'organizer@organizers', '2025-06-01 08:55:39', '2025-06-01 11:55:39.000000');

-- --------------------------------------------------------

--
-- Структура таблицы `Reviews`
--

CREATE TABLE `Reviews` (
  `review_id` int(11) NOT NULL,
  `user_id` int(11) NOT NULL,
  `event_id` int(11) NOT NULL,
  `rating` int(11) NOT NULL,
  `comment` text DEFAULT NULL,
  `created_at` timestamp NULL DEFAULT current_timestamp()
) ENGINE=InnoDB DEFAULT CHARSET=utf8mb4;

--
-- Дамп данных таблицы `Reviews`
--

INSERT INTO `Reviews` (`review_id`, `user_id`, `event_id`, `rating`, `comment`, `created_at`) VALUES
(1, 1, 1, 5, 'Отличный фестиваль, жду следующего года!', '2025-05-13 06:03:09'),
(2, 2, 1, 4, 'Хорошая организация, но мало туалетов', '2025-05-13 06:03:09');

-- --------------------------------------------------------

--
-- Структура таблицы `Seats`
--

CREATE TABLE `Seats` (
  `seat_id` int(11) NOT NULL,
  `event_id` int(11) NOT NULL,
  `seat_number` varchar(10) NOT NULL,
  `zone` varchar(50) DEFAULT NULL,
  `seat_row` int(11) DEFAULT NULL COMMENT 'Номер ряда (вместо row_number, который является зарезервированным словом)',
  `is_reserved` tinyint(1) DEFAULT 0,
  `price_multiplier` decimal(3,2) DEFAULT 1.00,
  `created_at` datetime NOT NULL,
  `updated_at` datetime NOT NULL,
  `deleted_at` datetime DEFAULT NULL
) ENGINE=InnoDB DEFAULT CHARSET=utf8mb4;

--
-- Дамп данных таблицы `Seats`
--

INSERT INTO `Seats` (`seat_id`, `event_id`, `seat_number`, `zone`, `seat_row`, `is_reserved`, `price_multiplier`, `created_at`, `updated_at`, `deleted_at`) VALUES
(1, 2, 'A1', 'Партер', 1, 0, '1.50', '0000-00-00 00:00:00', '0000-00-00 00:00:00', '0000-00-00 00:00:00'),
(2, 2, 'A2', 'Партер', 1, 0, '1.50', '0000-00-00 00:00:00', '0000-00-00 00:00:00', '0000-00-00 00:00:00'),
(3, 2, 'B1', 'Балкон', 2, 0, '1.00', '0000-00-00 00:00:00', '0000-00-00 00:00:00', '0000-00-00 00:00:00'),
(4, 2, 'B2', 'Балкон', 2, 0, '1.00', '0000-00-00 00:00:00', '0000-00-00 00:00:00', '0000-00-00 00:00:00'),
(5, 2, 'C1', 'Ложа', 3, 0, '2.00', '0000-00-00 00:00:00', '0000-00-00 00:00:00', '0000-00-00 00:00:00'),
(6, 6, 'A1', 'Партер', 1, 0, '1.50', '0000-00-00 00:00:00', '0000-00-00 00:00:00', '0000-00-00 00:00:00'),
(7, 6, 'A2', 'Партер', 1, 0, '1.50', '0000-00-00 00:00:00', '0000-00-00 00:00:00', '0000-00-00 00:00:00'),
(8, 6, 'B1', 'Балкон', 2, 0, '1.00', '0000-00-00 00:00:00', '0000-00-00 00:00:00', '0000-00-00 00:00:00'),
(9, 6, 'B2', 'Балкон', 2, 0, '1.00', '0000-00-00 00:00:00', '0000-00-00 00:00:00', '0000-00-00 00:00:00'),
(10, 8, 'A1', 'Партер', 1, 0, '1.20', '0000-00-00 00:00:00', '0000-00-00 00:00:00', '0000-00-00 00:00:00'),
(11, 8, 'A2', 'Партер', 1, 0, '1.20', '0000-00-00 00:00:00', '0000-00-00 00:00:00', '0000-00-00 00:00:00'),
(12, 8, 'B1', 'Балкон', 2, 0, '1.00', '0000-00-00 00:00:00', '0000-00-00 00:00:00', '0000-00-00 00:00:00'),
(13, 8, 'B2', 'Балкон', 2, 0, '1.00', '0000-00-00 00:00:00', '0000-00-00 00:00:00', '0000-00-00 00:00:00'),
(1014, 19, 'A1', 'Ложа', 1, 0, '2.00', '2025-06-02 15:50:46', '2025-06-02 15:50:46', NULL),
(1015, 19, 'A2', 'Ложа', 1, 0, '2.00', '2025-06-02 15:50:46', '2025-06-02 15:50:46', NULL),
(1016, 19, 'A3', 'Ложа', 1, 0, '2.00', '2025-06-02 15:50:46', '2025-06-02 15:50:46', NULL),
(1017, 19, 'A4', 'Ложа', 1, 0, '2.00', '2025-06-02 15:50:46', '2025-06-02 15:50:46', NULL),
(1018, 19, 'A5', 'Ложа', 1, 0, '2.00', '2025-06-02 15:50:46', '2025-06-02 15:50:46', NULL),
(1019, 19, 'A6', 'Ложа', 1, 0, '2.00', '2025-06-02 15:50:46', '2025-06-02 15:50:46', NULL),
(1020, 19, 'A7', 'Ложа', 1, 0, '2.00', '2025-06-02 15:50:46', '2025-06-02 15:50:46', NULL),
(1021, 19, 'A8', 'Ложа', 1, 0, '2.00', '2025-06-02 15:50:46', '2025-06-02 15:50:46', NULL),
(1022, 19, 'A9', 'Ложа', 1, 0, '2.00', '2025-06-02 15:50:46', '2025-06-02 15:50:46', NULL),
(1023, 19, 'A10', 'Ложа', 1, 0, '2.00', '2025-06-02 15:50:46', '2025-06-02 15:50:46', NULL),
(1024, 19, 'A11', 'Ложа', 1, 0, '2.00', '2025-06-02 15:50:46', '2025-06-02 15:50:46', NULL),
(1025, 19, 'A12', 'Ложа', 1, 0, '2.00', '2025-06-02 15:50:46', '2025-06-02 15:50:46', NULL),
(1026, 19, 'A13', 'Ложа', 1, 0, '2.00', '2025-06-02 15:50:46', '2025-06-02 15:50:46', NULL),
(1027, 19, 'A14', 'Ложа', 1, 0, '2.00', '2025-06-02 15:50:46', '2025-06-02 15:50:46', NULL),
(1028, 19, 'A15', 'Ложа', 1, 0, '2.00', '2025-06-02 15:50:46', '2025-06-02 15:50:46', NULL),
(1029, 19, 'A16', 'Ложа', 1, 0, '2.00', '2025-06-02 15:50:46', '2025-06-02 15:50:46', NULL),
(1030, 19, 'A17', 'Ложа', 1, 0, '2.00', '2025-06-02 15:50:46', '2025-06-02 15:50:46', NULL),
(1031, 19, 'A18', 'Ложа', 1, 0, '2.00', '2025-06-02 15:50:46', '2025-06-02 15:50:46', NULL),
(1032, 19, 'A19', 'Ложа', 1, 0, '2.00', '2025-06-02 15:50:46', '2025-06-02 15:50:46', NULL),
(1033, 19, 'A20', 'Ложа', 1, 0, '2.00', '2025-06-02 15:50:46', '2025-06-02 15:50:46', NULL),
(1034, 19, 'B1', 'Ложа', 2, 0, '2.00', '2025-06-02 15:50:46', '2025-06-02 15:50:46', NULL),
(1035, 19, 'B2', 'Ложа', 2, 0, '2.00', '2025-06-02 15:50:46', '2025-06-02 15:50:46', NULL),
(1036, 19, 'B3', 'Ложа', 2, 0, '2.00', '2025-06-02 15:50:46', '2025-06-02 15:50:46', NULL),
(1037, 19, 'B4', 'Ложа', 2, 0, '2.00', '2025-06-02 15:50:46', '2025-06-02 15:50:46', NULL),
(1038, 19, 'B5', 'Ложа', 2, 0, '2.00', '2025-06-02 15:50:46', '2025-06-02 15:50:46', NULL),
(1039, 19, 'B6', 'Ложа', 2, 0, '2.00', '2025-06-02 15:50:46', '2025-06-02 15:50:46', NULL),
(1040, 19, 'B7', 'Ложа', 2, 0, '2.00', '2025-06-02 15:50:46', '2025-06-02 15:50:46', NULL),
(1041, 19, 'B8', 'Ложа', 2, 0, '2.00', '2025-06-02 15:50:46', '2025-06-02 15:50:46', NULL),
(1042, 19, 'B9', 'Ложа', 2, 0, '2.00', '2025-06-02 15:50:46', '2025-06-02 15:50:46', NULL),
(1043, 19, 'B10', 'Ложа', 2, 0, '2.00', '2025-06-02 15:50:46', '2025-06-02 15:50:46', NULL),
(1044, 19, 'B11', 'Ложа', 2, 0, '2.00', '2025-06-02 15:50:46', '2025-06-02 15:50:46', NULL),
(1045, 19, 'B12', 'Ложа', 2, 0, '2.00', '2025-06-02 15:50:46', '2025-06-02 15:50:46', NULL),
(1046, 19, 'B13', 'Ложа', 2, 0, '2.00', '2025-06-02 15:50:46', '2025-06-02 15:50:46', NULL),
(1047, 19, 'B14', 'Ложа', 2, 0, '2.00', '2025-06-02 15:50:46', '2025-06-02 15:50:46', NULL),
(1048, 19, 'B15', 'Ложа', 2, 0, '2.00', '2025-06-02 15:50:46', '2025-06-02 15:50:46', NULL),
(1049, 19, 'B16', 'Ложа', 2, 0, '2.00', '2025-06-02 15:50:46', '2025-06-02 15:50:46', NULL),
(1050, 19, 'B17', 'Ложа', 2, 0, '2.00', '2025-06-02 15:50:46', '2025-06-02 15:50:46', NULL),
(1051, 19, 'B18', 'Ложа', 2, 0, '2.00', '2025-06-02 15:50:46', '2025-06-02 15:50:46', NULL),
(1052, 19, 'B19', 'Ложа', 2, 0, '2.00', '2025-06-02 15:50:46', '2025-06-02 15:50:46', NULL),
(1053, 19, 'B20', 'Ложа', 2, 0, '2.00', '2025-06-02 15:50:46', '2025-06-02 15:50:46', NULL),
(1054, 19, 'C1', 'Партер', 3, 0, '1.50', '2025-06-02 15:50:46', '2025-06-02 15:50:46', NULL),
(1055, 19, 'C2', 'Партер', 3, 0, '1.50', '2025-06-02 15:50:46', '2025-06-02 15:50:46', NULL),
(1056, 19, 'C3', 'Партер', 3, 0, '1.50', '2025-06-02 15:50:46', '2025-06-02 15:50:46', NULL),
(1057, 19, 'C4', 'Партер', 3, 0, '1.50', '2025-06-02 15:50:46', '2025-06-02 15:50:46', NULL),
(1058, 19, 'C5', 'Партер', 3, 0, '1.50', '2025-06-02 15:50:46', '2025-06-02 15:50:46', NULL),
(1059, 19, 'C6', 'Партер', 3, 0, '1.50', '2025-06-02 15:50:46', '2025-06-02 15:50:46', NULL),
(1060, 19, 'C7', 'Партер', 3, 0, '1.50', '2025-06-02 15:50:46', '2025-06-02 15:50:46', NULL),
(1061, 19, 'C8', 'Партер', 3, 0, '1.50', '2025-06-02 15:50:46', '2025-06-02 15:50:46', NULL),
(1062, 19, 'C9', 'Партер', 3, 0, '1.50', '2025-06-02 15:50:46', '2025-06-02 15:50:46', NULL),
(1063, 19, 'C10', 'Партер', 3, 0, '1.50', '2025-06-02 15:50:46', '2025-06-02 15:50:46', NULL),
(1064, 19, 'C11', 'Партер', 3, 0, '1.50', '2025-06-02 15:50:46', '2025-06-02 15:50:46', NULL),
(1065, 19, 'C12', 'Партер', 3, 0, '1.50', '2025-06-02 15:50:46', '2025-06-02 15:50:46', NULL),
(1066, 19, 'C13', 'Партер', 3, 0, '1.50', '2025-06-02 15:50:46', '2025-06-02 15:50:46', NULL),
(1067, 19, 'C14', 'Партер', 3, 0, '1.50', '2025-06-02 15:50:46', '2025-06-02 15:50:46', NULL),
(1068, 19, 'C15', 'Партер', 3, 0, '1.50', '2025-06-02 15:50:46', '2025-06-02 15:50:46', NULL),
(1069, 19, 'C16', 'Партер', 3, 0, '1.50', '2025-06-02 15:50:46', '2025-06-02 15:50:46', NULL),
(1070, 19, 'C17', 'Партер', 3, 0, '1.50', '2025-06-02 15:50:46', '2025-06-02 15:50:46', NULL),
(1071, 19, 'C18', 'Партер', 3, 0, '1.50', '2025-06-02 15:50:46', '2025-06-02 15:50:46', NULL),
(1072, 19, 'C19', 'Партер', 3, 0, '1.50', '2025-06-02 15:50:46', '2025-06-02 15:50:46', NULL),
(1073, 19, 'C20', 'Партер', 3, 0, '1.50', '2025-06-02 15:50:46', '2025-06-02 15:50:46', NULL),
(1074, 19, 'D1', 'Партер', 4, 0, '1.50', '2025-06-02 15:50:46', '2025-06-02 15:50:46', NULL),
(1075, 19, 'D2', 'Партер', 4, 0, '1.50', '2025-06-02 15:50:46', '2025-06-02 15:50:46', NULL),
(1076, 19, 'D3', 'Партер', 4, 0, '1.50', '2025-06-02 15:50:46', '2025-06-02 15:50:46', NULL),
(1077, 19, 'D4', 'Партер', 4, 0, '1.50', '2025-06-02 15:50:46', '2025-06-02 15:50:46', NULL),
(1078, 19, 'D5', 'Партер', 4, 0, '1.50', '2025-06-02 15:50:46', '2025-06-02 15:50:46', NULL),
(1079, 19, 'D6', 'Партер', 4, 0, '1.50', '2025-06-02 15:50:46', '2025-06-02 15:50:46', NULL),
(1080, 19, 'D7', 'Партер', 4, 0, '1.50', '2025-06-02 15:50:46', '2025-06-02 15:50:46', NULL),
(1081, 19, 'D8', 'Партер', 4, 0, '1.50', '2025-06-02 15:50:46', '2025-06-02 15:50:46', NULL),
(1082, 19, 'D9', 'Партер', 4, 0, '1.50', '2025-06-02 15:50:46', '2025-06-02 15:50:46', NULL),
(1083, 19, 'D10', 'Партер', 4, 0, '1.50', '2025-06-02 15:50:46', '2025-06-02 15:50:46', NULL),
(1084, 19, 'D11', 'Партер', 4, 0, '1.50', '2025-06-02 15:50:46', '2025-06-02 15:50:46', NULL),
(1085, 19, 'D12', 'Партер', 4, 0, '1.50', '2025-06-02 15:50:46', '2025-06-02 15:50:46', NULL),
(1086, 19, 'D13', 'Партер', 4, 0, '1.50', '2025-06-02 15:50:46', '2025-06-02 15:50:46', NULL),
(1087, 19, 'D14', 'Партер', 4, 0, '1.50', '2025-06-02 15:50:46', '2025-06-02 15:50:46', NULL),
(1088, 19, 'D15', 'Партер', 4, 0, '1.50', '2025-06-02 15:50:46', '2025-06-02 15:50:46', NULL),
(1089, 19, 'D16', 'Партер', 4, 0, '1.50', '2025-06-02 15:50:46', '2025-06-02 15:50:46', NULL),
(1090, 19, 'D17', 'Партер', 4, 0, '1.50', '2025-06-02 15:50:46', '2025-06-02 15:50:46', NULL),
(1091, 19, 'D18', 'Партер', 4, 0, '1.50', '2025-06-02 15:50:46', '2025-06-02 15:50:46', NULL),
(1092, 19, 'D19', 'Партер', 4, 0, '1.50', '2025-06-02 15:50:46', '2025-06-02 15:50:46', NULL),
(1093, 19, 'D20', 'Партер', 4, 0, '1.50', '2025-06-02 15:50:46', '2025-06-02 15:50:46', NULL),
(1094, 19, 'E1', 'Партер', 5, 0, '1.50', '2025-06-02 15:50:46', '2025-06-02 15:50:46', NULL),
(1095, 19, 'E2', 'Партер', 5, 0, '1.50', '2025-06-02 15:50:46', '2025-06-02 15:50:46', NULL),
(1096, 19, 'E3', 'Партер', 5, 0, '1.50', '2025-06-02 15:50:46', '2025-06-02 15:50:46', NULL),
(1097, 19, 'E4', 'Партер', 5, 0, '1.50', '2025-06-02 15:50:46', '2025-06-02 15:50:46', NULL),
(1098, 19, 'E5', 'Партер', 5, 0, '1.50', '2025-06-02 15:50:46', '2025-06-02 15:50:46', NULL),
(1099, 19, 'E6', 'Партер', 5, 0, '1.50', '2025-06-02 15:50:46', '2025-06-02 15:50:46', NULL),
(1100, 19, 'E7', 'Партер', 5, 0, '1.50', '2025-06-02 15:50:46', '2025-06-02 15:50:46', NULL),
(1101, 19, 'E8', 'Партер', 5, 0, '1.50', '2025-06-02 15:50:46', '2025-06-02 15:50:46', NULL),
(1102, 19, 'E9', 'Партер', 5, 0, '1.50', '2025-06-02 15:50:46', '2025-06-02 15:50:46', NULL),
(1103, 19, 'E10', 'Партер', 5, 0, '1.50', '2025-06-02 15:50:46', '2025-06-02 15:50:46', NULL),
(1104, 19, 'E11', 'Партер', 5, 0, '1.50', '2025-06-02 15:50:46', '2025-06-02 15:50:46', NULL),
(1105, 19, 'E12', 'Партер', 5, 0, '1.50', '2025-06-02 15:50:46', '2025-06-02 15:50:46', NULL),
(1106, 19, 'E13', 'Партер', 5, 0, '1.50', '2025-06-02 15:50:46', '2025-06-02 15:50:46', NULL),
(1107, 19, 'E14', 'Партер', 5, 0, '1.50', '2025-06-02 15:50:46', '2025-06-02 15:50:46', NULL),
(1108, 19, 'E15', 'Партер', 5, 0, '1.50', '2025-06-02 15:50:46', '2025-06-02 15:50:46', NULL),
(1109, 19, 'E16', 'Партер', 5, 0, '1.50', '2025-06-02 15:50:46', '2025-06-02 15:50:46', NULL),
(1110, 19, 'E17', 'Партер', 5, 0, '1.50', '2025-06-02 15:50:46', '2025-06-02 15:50:46', NULL),
(1111, 19, 'E18', 'Партер', 5, 0, '1.50', '2025-06-02 15:50:46', '2025-06-02 15:50:46', NULL),
(1112, 19, 'E19', 'Партер', 5, 0, '1.50', '2025-06-02 15:50:46', '2025-06-02 15:50:46', NULL),
(1113, 19, 'E20', 'Партер', 5, 0, '1.50', '2025-06-02 15:50:46', '2025-06-02 15:50:46', NULL),
(1114, 19, 'F1', 'Партер', 6, 0, '1.50', '2025-06-02 15:50:46', '2025-06-02 15:50:46', NULL),
(1115, 19, 'F2', 'Партер', 6, 0, '1.50', '2025-06-02 15:50:46', '2025-06-02 15:50:46', NULL),
(1116, 19, 'F3', 'Партер', 6, 0, '1.50', '2025-06-02 15:50:46', '2025-06-02 15:50:46', NULL),
(1117, 19, 'F4', 'Партер', 6, 0, '1.50', '2025-06-02 15:50:46', '2025-06-02 15:50:46', NULL),
(1118, 19, 'F5', 'Партер', 6, 0, '1.50', '2025-06-02 15:50:46', '2025-06-02 15:50:46', NULL),
(1119, 19, 'F6', 'Партер', 6, 0, '1.50', '2025-06-02 15:50:46', '2025-06-02 15:50:46', NULL),
(1120, 19, 'F7', 'Партер', 6, 0, '1.50', '2025-06-02 15:50:46', '2025-06-02 15:50:46', NULL),
(1121, 19, 'F8', 'Партер', 6, 0, '1.50', '2025-06-02 15:50:46', '2025-06-02 15:50:46', NULL),
(1122, 19, 'F9', 'Партер', 6, 0, '1.50', '2025-06-02 15:50:46', '2025-06-02 15:50:46', NULL),
(1123, 19, 'F10', 'Партер', 6, 0, '1.50', '2025-06-02 15:50:46', '2025-06-02 15:50:46', NULL),
(1124, 19, 'F11', 'Партер', 6, 0, '1.50', '2025-06-02 15:50:46', '2025-06-02 15:50:46', NULL),
(1125, 19, 'F12', 'Партер', 6, 0, '1.50', '2025-06-02 15:50:46', '2025-06-02 15:50:46', NULL),
(1126, 19, 'F13', 'Партер', 6, 0, '1.50', '2025-06-02 15:50:46', '2025-06-02 15:50:46', NULL),
(1127, 19, 'F14', 'Партер', 6, 0, '1.50', '2025-06-02 15:50:46', '2025-06-02 15:50:46', NULL),
(1128, 19, 'F15', 'Партер', 6, 0, '1.50', '2025-06-02 15:50:46', '2025-06-02 15:50:46', NULL),
(1129, 19, 'F16', 'Партер', 6, 0, '1.50', '2025-06-02 15:50:46', '2025-06-02 15:50:46', NULL),
(1130, 19, 'F17', 'Партер', 6, 0, '1.50', '2025-06-02 15:50:46', '2025-06-02 15:50:46', NULL),
(1131, 19, 'F18', 'Партер', 6, 0, '1.50', '2025-06-02 15:50:46', '2025-06-02 15:50:46', NULL),
(1132, 19, 'F19', 'Партер', 6, 0, '1.50', '2025-06-02 15:50:46', '2025-06-02 15:50:46', NULL),
(1133, 19, 'F20', 'Партер', 6, 0, '1.50', '2025-06-02 15:50:46', '2025-06-02 15:50:46', NULL),
(1134, 19, 'G1', 'Партер', 7, 0, '1.50', '2025-06-02 15:50:46', '2025-06-02 15:50:46', NULL),
(1135, 19, 'G2', 'Партер', 7, 0, '1.50', '2025-06-02 15:50:46', '2025-06-02 15:50:46', NULL),
(1136, 19, 'G3', 'Партер', 7, 0, '1.50', '2025-06-02 15:50:46', '2025-06-02 15:50:46', NULL),
(1137, 19, 'G4', 'Партер', 7, 0, '1.50', '2025-06-02 15:50:46', '2025-06-02 15:50:46', NULL),
(1138, 19, 'G5', 'Партер', 7, 0, '1.50', '2025-06-02 15:50:46', '2025-06-02 15:50:46', NULL),
(1139, 19, 'G6', 'Партер', 7, 0, '1.50', '2025-06-02 15:50:46', '2025-06-02 15:50:46', NULL),
(1140, 19, 'G7', 'Партер', 7, 0, '1.50', '2025-06-02 15:50:46', '2025-06-02 15:50:46', NULL),
(1141, 19, 'G8', 'Партер', 7, 0, '1.50', '2025-06-02 15:50:46', '2025-06-02 15:50:46', NULL),
(1142, 19, 'G9', 'Партер', 7, 0, '1.50', '2025-06-02 15:50:46', '2025-06-02 15:50:46', NULL),
(1143, 19, 'G10', 'Партер', 7, 0, '1.50', '2025-06-02 15:50:46', '2025-06-02 15:50:46', NULL),
(1144, 19, 'G11', 'Партер', 7, 0, '1.50', '2025-06-02 15:50:46', '2025-06-02 15:50:46', NULL),
(1145, 19, 'G12', 'Партер', 7, 0, '1.50', '2025-06-02 15:50:46', '2025-06-02 15:50:46', NULL),
(1146, 19, 'G13', 'Партер', 7, 0, '1.50', '2025-06-02 15:50:46', '2025-06-02 15:50:46', NULL),
(1147, 19, 'G14', 'Партер', 7, 0, '1.50', '2025-06-02 15:50:46', '2025-06-02 15:50:46', NULL),
(1148, 19, 'G15', 'Партер', 7, 0, '1.50', '2025-06-02 15:50:46', '2025-06-02 15:50:46', NULL),
(1149, 19, 'G16', 'Партер', 7, 0, '1.50', '2025-06-02 15:50:46', '2025-06-02 15:50:46', NULL),
(1150, 19, 'G17', 'Партер', 7, 0, '1.50', '2025-06-02 15:50:46', '2025-06-02 15:50:46', NULL),
(1151, 19, 'G18', 'Партер', 7, 0, '1.50', '2025-06-02 15:50:46', '2025-06-02 15:50:46', NULL),
(1152, 19, 'G19', 'Партер', 7, 0, '1.50', '2025-06-02 15:50:46', '2025-06-02 15:50:46', NULL),
(1153, 19, 'G20', 'Партер', 7, 0, '1.50', '2025-06-02 15:50:46', '2025-06-02 15:50:46', NULL),
(1154, 19, 'H1', 'Балкон', 8, 0, '1.00', '2025-06-02 15:50:46', '2025-06-02 15:50:46', NULL),
(1155, 19, 'H2', 'Балкон', 8, 0, '1.00', '2025-06-02 15:50:46', '2025-06-02 15:50:46', NULL),
(1156, 19, 'H3', 'Балкон', 8, 0, '1.00', '2025-06-02 15:50:46', '2025-06-02 15:50:46', NULL),
(1157, 19, 'H4', 'Балкон', 8, 0, '1.00', '2025-06-02 15:50:46', '2025-06-02 15:50:46', NULL),
(1158, 19, 'H5', 'Балкон', 8, 0, '1.00', '2025-06-02 15:50:46', '2025-06-02 15:50:46', NULL),
(1159, 19, 'H6', 'Балкон', 8, 0, '1.00', '2025-06-02 15:50:46', '2025-06-02 15:50:46', NULL),
(1160, 19, 'H7', 'Балкон', 8, 0, '1.00', '2025-06-02 15:50:46', '2025-06-02 15:50:46', NULL),
(1161, 19, 'H8', 'Балкон', 8, 0, '1.00', '2025-06-02 15:50:46', '2025-06-02 15:50:46', NULL),
(1162, 19, 'H9', 'Балкон', 8, 0, '1.00', '2025-06-02 15:50:46', '2025-06-02 15:50:46', NULL),
(1163, 19, 'H10', 'Балкон', 8, 0, '1.00', '2025-06-02 15:50:46', '2025-06-02 15:50:46', NULL),
(1164, 19, 'H11', 'Балкон', 8, 0, '1.00', '2025-06-02 15:50:46', '2025-06-02 15:50:46', NULL),
(1165, 19, 'H12', 'Балкон', 8, 0, '1.00', '2025-06-02 15:50:46', '2025-06-02 15:50:46', NULL),
(1166, 19, 'H13', 'Балкон', 8, 0, '1.00', '2025-06-02 15:50:46', '2025-06-02 15:50:46', NULL),
(1167, 19, 'H14', 'Балкон', 8, 0, '1.00', '2025-06-02 15:50:46', '2025-06-02 15:50:46', NULL),
(1168, 19, 'H15', 'Балкон', 8, 0, '1.00', '2025-06-02 15:50:46', '2025-06-02 15:50:46', NULL),
(1169, 19, 'H16', 'Балкон', 8, 0, '1.00', '2025-06-02 15:50:46', '2025-06-02 15:50:46', NULL),
(1170, 19, 'H17', 'Балкон', 8, 0, '1.00', '2025-06-02 15:50:46', '2025-06-02 15:50:46', NULL),
(1171, 19, 'H18', 'Балкон', 8, 0, '1.00', '2025-06-02 15:50:46', '2025-06-02 15:50:46', NULL),
(1172, 19, 'H19', 'Балкон', 8, 0, '1.00', '2025-06-02 15:50:46', '2025-06-02 15:50:46', NULL),
(1173, 19, 'H20', 'Балкон', 8, 0, '1.00', '2025-06-02 15:50:46', '2025-06-02 15:50:46', NULL),
(1174, 19, 'I1', 'Балкон', 9, 0, '1.00', '2025-06-02 15:50:46', '2025-06-02 15:50:46', NULL),
(1175, 19, 'I2', 'Балкон', 9, 0, '1.00', '2025-06-02 15:50:46', '2025-06-02 15:50:46', NULL),
(1176, 19, 'I3', 'Балкон', 9, 0, '1.00', '2025-06-02 15:50:46', '2025-06-02 15:50:46', NULL),
(1177, 19, 'I4', 'Балкон', 9, 0, '1.00', '2025-06-02 15:50:46', '2025-06-02 15:50:46', NULL),
(1178, 19, 'I5', 'Балкон', 9, 0, '1.00', '2025-06-02 15:50:46', '2025-06-02 15:50:46', NULL),
(1179, 19, 'I6', 'Балкон', 9, 0, '1.00', '2025-06-02 15:50:46', '2025-06-02 15:50:46', NULL),
(1180, 19, 'I7', 'Балкон', 9, 0, '1.00', '2025-06-02 15:50:46', '2025-06-02 15:50:46', NULL),
(1181, 19, 'I8', 'Балкон', 9, 0, '1.00', '2025-06-02 15:50:46', '2025-06-02 15:50:46', NULL),
(1182, 19, 'I9', 'Балкон', 9, 0, '1.00', '2025-06-02 15:50:46', '2025-06-02 15:50:46', NULL),
(1183, 19, 'I10', 'Балкон', 9, 0, '1.00', '2025-06-02 15:50:46', '2025-06-02 15:50:46', NULL),
(1184, 19, 'I11', 'Балкон', 9, 0, '1.00', '2025-06-02 15:50:46', '2025-06-02 15:50:46', NULL),
(1185, 19, 'I12', 'Балкон', 9, 0, '1.00', '2025-06-02 15:50:46', '2025-06-02 15:50:46', NULL),
(1186, 19, 'I13', 'Балкон', 9, 0, '1.00', '2025-06-02 15:50:46', '2025-06-02 15:50:46', NULL),
(1187, 19, 'I14', 'Балкон', 9, 0, '1.00', '2025-06-02 15:50:46', '2025-06-02 15:50:46', NULL),
(1188, 19, 'I15', 'Балкон', 9, 0, '1.00', '2025-06-02 15:50:46', '2025-06-02 15:50:46', NULL),
(1189, 19, 'I16', 'Балкон', 9, 0, '1.00', '2025-06-02 15:50:46', '2025-06-02 15:50:46', NULL),
(1190, 19, 'I17', 'Балкон', 9, 0, '1.00', '2025-06-02 15:50:46', '2025-06-02 15:50:46', NULL),
(1191, 19, 'I18', 'Балкон', 9, 0, '1.00', '2025-06-02 15:50:46', '2025-06-02 15:50:46', NULL),
(1192, 19, 'I19', 'Балкон', 9, 0, '1.00', '2025-06-02 15:50:46', '2025-06-02 15:50:46', NULL),
(1193, 19, 'I20', 'Балкон', 9, 0, '1.00', '2025-06-02 15:50:46', '2025-06-02 15:50:46', NULL),
(1194, 19, 'J1', 'Балкон', 10, 0, '1.00', '2025-06-02 15:50:46', '2025-06-02 15:50:46', NULL),
(1195, 19, 'J2', 'Балкон', 10, 0, '1.00', '2025-06-02 15:50:46', '2025-06-02 15:50:46', NULL),
(1196, 19, 'J3', 'Балкон', 10, 0, '1.00', '2025-06-02 15:50:46', '2025-06-02 15:50:46', NULL),
(1197, 19, 'J4', 'Балкон', 10, 0, '1.00', '2025-06-02 15:50:46', '2025-06-02 15:50:46', NULL),
(1198, 19, 'J5', 'Балкон', 10, 0, '1.00', '2025-06-02 15:50:46', '2025-06-02 15:50:46', NULL),
(1199, 19, 'J6', 'Балкон', 10, 0, '1.00', '2025-06-02 15:50:46', '2025-06-02 15:50:46', NULL),
(1200, 19, 'J7', 'Балкон', 10, 0, '1.00', '2025-06-02 15:50:46', '2025-06-02 15:50:46', NULL),
(1201, 19, 'J8', 'Балкон', 10, 0, '1.00', '2025-06-02 15:50:46', '2025-06-02 15:50:46', NULL),
(1202, 19, 'J9', 'Балкон', 10, 0, '1.00', '2025-06-02 15:50:46', '2025-06-02 15:50:46', NULL),
(1203, 19, 'J10', 'Балкон', 10, 0, '1.00', '2025-06-02 15:50:46', '2025-06-02 15:50:46', NULL),
(1204, 19, 'J11', 'Балкон', 10, 0, '1.00', '2025-06-02 15:50:46', '2025-06-02 15:50:46', NULL),
(1205, 19, 'J12', 'Балкон', 10, 0, '1.00', '2025-06-02 15:50:46', '2025-06-02 15:50:46', NULL),
(1206, 19, 'J13', 'Балкон', 10, 0, '1.00', '2025-06-02 15:50:46', '2025-06-02 15:50:46', NULL),
(1207, 19, 'J14', 'Балкон', 10, 0, '1.00', '2025-06-02 15:50:46', '2025-06-02 15:50:46', NULL),
(1208, 19, 'J15', 'Балкон', 10, 0, '1.00', '2025-06-02 15:50:46', '2025-06-02 15:50:46', NULL),
(1209, 19, 'J16', 'Балкон', 10, 0, '1.00', '2025-06-02 15:50:46', '2025-06-02 15:50:46', NULL),
(1210, 19, 'J17', 'Балкон', 10, 0, '1.00', '2025-06-02 15:50:46', '2025-06-02 15:50:46', NULL),
(1211, 19, 'J18', 'Балкон', 10, 0, '1.00', '2025-06-02 15:50:46', '2025-06-02 15:50:46', NULL),
(1212, 19, 'J19', 'Балкон', 10, 0, '1.00', '2025-06-02 15:50:46', '2025-06-02 15:50:46', NULL),
(1213, 19, 'J20', 'Балкон', 10, 0, '1.00', '2025-06-02 15:50:46', '2025-06-02 15:50:46', NULL),
(1414, 21, 'A1', 'Ложа', 1, 0, '2.00', '2025-06-05 23:16:48', '2025-06-05 23:16:48', NULL),
(1415, 21, 'A2', 'Ложа', 1, 0, '2.00', '2025-06-05 23:16:48', '2025-06-05 23:16:48', NULL),
(1416, 21, 'A3', 'Ложа', 1, 0, '2.00', '2025-06-05 23:16:48', '2025-06-05 23:16:48', NULL),
(1417, 21, 'A4', 'Ложа', 1, 0, '2.00', '2025-06-05 23:16:48', '2025-06-05 23:16:48', NULL),
(1418, 21, 'A5', 'Ложа', 1, 0, '2.00', '2025-06-05 23:16:48', '2025-06-05 23:16:48', NULL),
(1419, 21, 'A6', 'Ложа', 1, 0, '2.00', '2025-06-05 23:16:48', '2025-06-05 23:16:48', NULL),
(1420, 21, 'A7', 'Ложа', 1, 0, '2.00', '2025-06-05 23:16:48', '2025-06-05 23:16:48', NULL),
(1421, 21, 'A8', 'Ложа', 1, 0, '2.00', '2025-06-05 23:16:48', '2025-06-05 23:16:48', NULL),
(1422, 21, 'A9', 'Ложа', 1, 0, '2.00', '2025-06-05 23:16:48', '2025-06-05 23:16:48', NULL),
(1423, 21, 'A10', 'Ложа', 1, 0, '2.00', '2025-06-05 23:16:48', '2025-06-05 23:16:48', NULL),
(1424, 21, 'A11', 'Ложа', 1, 0, '2.00', '2025-06-05 23:16:48', '2025-06-05 23:16:48', NULL),
(1425, 21, 'A12', 'Ложа', 1, 0, '2.00', '2025-06-05 23:16:48', '2025-06-05 23:16:48', NULL),
(1426, 21, 'A13', 'Ложа', 1, 0, '2.00', '2025-06-05 23:16:48', '2025-06-05 23:16:48', NULL),
(1427, 21, 'A14', 'Ложа', 1, 0, '2.00', '2025-06-05 23:16:48', '2025-06-05 23:16:48', NULL),
(1428, 21, 'A15', 'Ложа', 1, 0, '2.00', '2025-06-05 23:16:48', '2025-06-05 23:16:48', NULL),
(1429, 21, 'A16', 'Ложа', 1, 0, '2.00', '2025-06-05 23:16:48', '2025-06-05 23:16:48', NULL),
(1430, 21, 'A17', 'Ложа', 1, 0, '2.00', '2025-06-05 23:16:48', '2025-06-05 23:16:48', NULL),
(1431, 21, 'A18', 'Ложа', 1, 0, '2.00', '2025-06-05 23:16:48', '2025-06-05 23:16:48', NULL),
(1432, 21, 'A19', 'Ложа', 1, 0, '2.00', '2025-06-05 23:16:48', '2025-06-05 23:16:48', NULL),
(1433, 21, 'A20', 'Ложа', 1, 0, '2.00', '2025-06-05 23:16:48', '2025-06-05 23:16:48', NULL),
(1434, 21, 'B1', 'Ложа', 2, 0, '2.00', '2025-06-05 23:16:48', '2025-06-05 23:16:48', NULL),
(1435, 21, 'B2', 'Ложа', 2, 0, '2.00', '2025-06-05 23:16:48', '2025-06-05 23:16:48', NULL),
(1436, 21, 'B3', 'Ложа', 2, 0, '2.00', '2025-06-05 23:16:48', '2025-06-05 23:16:48', NULL),
(1437, 21, 'B4', 'Ложа', 2, 0, '2.00', '2025-06-05 23:16:48', '2025-06-05 23:16:48', NULL),
(1438, 21, 'B5', 'Ложа', 2, 0, '2.00', '2025-06-05 23:16:48', '2025-06-05 23:16:48', NULL),
(1439, 21, 'B6', 'Ложа', 2, 0, '2.00', '2025-06-05 23:16:48', '2025-06-05 23:16:48', NULL),
(1440, 21, 'B7', 'Ложа', 2, 0, '2.00', '2025-06-05 23:16:48', '2025-06-05 23:16:48', NULL),
(1441, 21, 'B8', 'Ложа', 2, 0, '2.00', '2025-06-05 23:16:48', '2025-06-05 23:16:48', NULL),
(1442, 21, 'B9', 'Ложа', 2, 0, '2.00', '2025-06-05 23:16:48', '2025-06-05 23:16:48', NULL),
(1443, 21, 'B10', 'Ложа', 2, 0, '2.00', '2025-06-05 23:16:48', '2025-06-05 23:16:48', NULL),
(1444, 21, 'B11', 'Ложа', 2, 0, '2.00', '2025-06-05 23:16:48', '2025-06-05 23:16:48', NULL),
(1445, 21, 'B12', 'Ложа', 2, 0, '2.00', '2025-06-05 23:16:48', '2025-06-05 23:16:48', NULL),
(1446, 21, 'B13', 'Ложа', 2, 0, '2.00', '2025-06-05 23:16:48', '2025-06-05 23:16:48', NULL),
(1447, 21, 'B14', 'Ложа', 2, 0, '2.00', '2025-06-05 23:16:48', '2025-06-05 23:16:48', NULL),
(1448, 21, 'B15', 'Ложа', 2, 0, '2.00', '2025-06-05 23:16:48', '2025-06-05 23:16:48', NULL),
(1449, 21, 'B16', 'Ложа', 2, 0, '2.00', '2025-06-05 23:16:48', '2025-06-05 23:16:48', NULL),
(1450, 21, 'B17', 'Ложа', 2, 0, '2.00', '2025-06-05 23:16:48', '2025-06-05 23:16:48', NULL),
(1451, 21, 'B18', 'Ложа', 2, 0, '2.00', '2025-06-05 23:16:48', '2025-06-05 23:16:48', NULL),
(1452, 21, 'B19', 'Ложа', 2, 0, '2.00', '2025-06-05 23:16:48', '2025-06-05 23:16:48', NULL),
(1453, 21, 'B20', 'Ложа', 2, 0, '2.00', '2025-06-05 23:16:48', '2025-06-05 23:16:48', NULL),
(1454, 21, 'C1', 'Партер', 3, 0, '1.50', '2025-06-05 23:16:48', '2025-06-05 23:16:48', NULL),
(1455, 21, 'C2', 'Партер', 3, 0, '1.50', '2025-06-05 23:16:48', '2025-06-05 23:16:48', NULL),
(1456, 21, 'C3', 'Партер', 3, 0, '1.50', '2025-06-05 23:16:48', '2025-06-05 23:16:48', NULL),
(1457, 21, 'C4', 'Партер', 3, 0, '1.50', '2025-06-05 23:16:48', '2025-06-05 23:16:48', NULL),
(1458, 21, 'C5', 'Партер', 3, 0, '1.50', '2025-06-05 23:16:48', '2025-06-05 23:16:48', NULL),
(1459, 21, 'C6', 'Партер', 3, 0, '1.50', '2025-06-05 23:16:48', '2025-06-05 23:16:48', NULL),
(1460, 21, 'C7', 'Партер', 3, 0, '1.50', '2025-06-05 23:16:48', '2025-06-05 23:16:48', NULL),
(1461, 21, 'C8', 'Партер', 3, 0, '1.50', '2025-06-05 23:16:48', '2025-06-05 23:16:48', NULL),
(1462, 21, 'C9', 'Партер', 3, 0, '1.50', '2025-06-05 23:16:48', '2025-06-05 23:16:48', NULL),
(1463, 21, 'C10', 'Партер', 3, 0, '1.50', '2025-06-05 23:16:48', '2025-06-05 23:16:48', NULL),
(1464, 21, 'C11', 'Партер', 3, 0, '1.50', '2025-06-05 23:16:48', '2025-06-05 23:16:48', NULL),
(1465, 21, 'C12', 'Партер', 3, 0, '1.50', '2025-06-05 23:16:48', '2025-06-05 23:16:48', NULL),
(1466, 21, 'C13', 'Партер', 3, 0, '1.50', '2025-06-05 23:16:48', '2025-06-05 23:16:48', NULL),
(1467, 21, 'C14', 'Партер', 3, 0, '1.50', '2025-06-05 23:16:48', '2025-06-05 23:16:48', NULL),
(1468, 21, 'C15', 'Партер', 3, 0, '1.50', '2025-06-05 23:16:48', '2025-06-05 23:16:48', NULL),
(1469, 21, 'C16', 'Партер', 3, 0, '1.50', '2025-06-05 23:16:48', '2025-06-05 23:16:48', NULL),
(1470, 21, 'C17', 'Партер', 3, 0, '1.50', '2025-06-05 23:16:48', '2025-06-05 23:16:48', NULL),
(1471, 21, 'C18', 'Партер', 3, 0, '1.50', '2025-06-05 23:16:48', '2025-06-05 23:16:48', NULL),
(1472, 21, 'C19', 'Партер', 3, 0, '1.50', '2025-06-05 23:16:48', '2025-06-05 23:16:48', NULL),
(1473, 21, 'C20', 'Партер', 3, 0, '1.50', '2025-06-05 23:16:48', '2025-06-05 23:16:48', NULL),
(1474, 21, 'D1', 'Партер', 4, 0, '1.50', '2025-06-05 23:16:48', '2025-06-05 23:16:48', NULL),
(1475, 21, 'D2', 'Партер', 4, 0, '1.50', '2025-06-05 23:16:48', '2025-06-05 23:16:48', NULL),
(1476, 21, 'D3', 'Партер', 4, 0, '1.50', '2025-06-05 23:16:48', '2025-06-05 23:16:48', NULL),
(1477, 21, 'D4', 'Партер', 4, 0, '1.50', '2025-06-05 23:16:48', '2025-06-05 23:16:48', NULL),
(1478, 21, 'D5', 'Партер', 4, 0, '1.50', '2025-06-05 23:16:48', '2025-06-05 23:16:48', NULL),
(1479, 21, 'D6', 'Партер', 4, 0, '1.50', '2025-06-05 23:16:48', '2025-06-05 23:16:48', NULL),
(1480, 21, 'D7', 'Партер', 4, 0, '1.50', '2025-06-05 23:16:48', '2025-06-05 23:16:48', NULL),
(1481, 21, 'D8', 'Партер', 4, 0, '1.50', '2025-06-05 23:16:48', '2025-06-05 23:16:48', NULL),
(1482, 21, 'D9', 'Партер', 4, 0, '1.50', '2025-06-05 23:16:48', '2025-06-05 23:16:48', NULL),
(1483, 21, 'D10', 'Партер', 4, 0, '1.50', '2025-06-05 23:16:48', '2025-06-05 23:16:48', NULL),
(1484, 21, 'D11', 'Партер', 4, 0, '1.50', '2025-06-05 23:16:48', '2025-06-05 23:16:48', NULL),
(1485, 21, 'D12', 'Партер', 4, 0, '1.50', '2025-06-05 23:16:48', '2025-06-05 23:16:48', NULL),
(1486, 21, 'D13', 'Партер', 4, 0, '1.50', '2025-06-05 23:16:48', '2025-06-05 23:16:48', NULL),
(1487, 21, 'D14', 'Партер', 4, 0, '1.50', '2025-06-05 23:16:48', '2025-06-05 23:16:48', NULL),
(1488, 21, 'D15', 'Партер', 4, 0, '1.50', '2025-06-05 23:16:48', '2025-06-05 23:16:48', NULL),
(1489, 21, 'D16', 'Партер', 4, 0, '1.50', '2025-06-05 23:16:48', '2025-06-05 23:16:48', NULL),
(1490, 21, 'D17', 'Партер', 4, 0, '1.50', '2025-06-05 23:16:48', '2025-06-05 23:16:48', NULL),
(1491, 21, 'D18', 'Партер', 4, 0, '1.50', '2025-06-05 23:16:48', '2025-06-05 23:16:48', NULL),
(1492, 21, 'D19', 'Партер', 4, 0, '1.50', '2025-06-05 23:16:48', '2025-06-05 23:16:48', NULL),
(1493, 21, 'D20', 'Партер', 4, 0, '1.50', '2025-06-05 23:16:48', '2025-06-05 23:16:48', NULL),
(1494, 21, 'E1', 'Партер', 5, 0, '1.50', '2025-06-05 23:16:48', '2025-06-05 23:16:48', NULL),
(1495, 21, 'E2', 'Партер', 5, 0, '1.50', '2025-06-05 23:16:48', '2025-06-05 23:16:48', NULL),
(1496, 21, 'E3', 'Партер', 5, 0, '1.50', '2025-06-05 23:16:48', '2025-06-05 23:16:48', NULL),
(1497, 21, 'E4', 'Партер', 5, 0, '1.50', '2025-06-05 23:16:48', '2025-06-05 23:16:48', NULL),
(1498, 21, 'E5', 'Партер', 5, 0, '1.50', '2025-06-05 23:16:48', '2025-06-05 23:16:48', NULL),
(1499, 21, 'E6', 'Партер', 5, 0, '1.50', '2025-06-05 23:16:48', '2025-06-05 23:16:48', NULL),
(1500, 21, 'E7', 'Партер', 5, 0, '1.50', '2025-06-05 23:16:48', '2025-06-05 23:16:48', NULL),
(1501, 21, 'E8', 'Партер', 5, 0, '1.50', '2025-06-05 23:16:48', '2025-06-05 23:16:48', NULL),
(1502, 21, 'E9', 'Партер', 5, 0, '1.50', '2025-06-05 23:16:48', '2025-06-05 23:16:48', NULL),
(1503, 21, 'E10', 'Партер', 5, 0, '1.50', '2025-06-05 23:16:48', '2025-06-05 23:16:48', NULL),
(1504, 21, 'E11', 'Партер', 5, 0, '1.50', '2025-06-05 23:16:48', '2025-06-05 23:16:48', NULL),
(1505, 21, 'E12', 'Партер', 5, 0, '1.50', '2025-06-05 23:16:48', '2025-06-05 23:16:48', NULL),
(1506, 21, 'E13', 'Партер', 5, 0, '1.50', '2025-06-05 23:16:48', '2025-06-05 23:16:48', NULL),
(1507, 21, 'E14', 'Партер', 5, 0, '1.50', '2025-06-05 23:16:48', '2025-06-05 23:16:48', NULL),
(1508, 21, 'E15', 'Партер', 5, 0, '1.50', '2025-06-05 23:16:48', '2025-06-05 23:16:48', NULL),
(1509, 21, 'E16', 'Партер', 5, 0, '1.50', '2025-06-05 23:16:48', '2025-06-05 23:16:48', NULL),
(1510, 21, 'E17', 'Партер', 5, 0, '1.50', '2025-06-05 23:16:48', '2025-06-05 23:16:48', NULL),
(1511, 21, 'E18', 'Партер', 5, 0, '1.50', '2025-06-05 23:16:48', '2025-06-05 23:16:48', NULL),
(1512, 21, 'E19', 'Партер', 5, 0, '1.50', '2025-06-05 23:16:48', '2025-06-05 23:16:48', NULL),
(1513, 21, 'E20', 'Партер', 5, 0, '1.50', '2025-06-05 23:16:48', '2025-06-05 23:16:48', NULL),
(1514, 21, 'F1', 'Партер', 6, 0, '1.50', '2025-06-05 23:16:48', '2025-06-05 23:16:48', NULL),
(1515, 21, 'F2', 'Партер', 6, 0, '1.50', '2025-06-05 23:16:48', '2025-06-05 23:16:48', NULL),
(1516, 21, 'F3', 'Партер', 6, 0, '1.50', '2025-06-05 23:16:48', '2025-06-05 23:16:48', NULL),
(1517, 21, 'F4', 'Партер', 6, 0, '1.50', '2025-06-05 23:16:48', '2025-06-05 23:16:48', NULL),
(1518, 21, 'F5', 'Партер', 6, 0, '1.50', '2025-06-05 23:16:48', '2025-06-05 23:16:48', NULL),
(1519, 21, 'F6', 'Партер', 6, 0, '1.50', '2025-06-05 23:16:48', '2025-06-05 23:16:48', NULL),
(1520, 21, 'F7', 'Партер', 6, 0, '1.50', '2025-06-05 23:16:48', '2025-06-05 23:16:48', NULL),
(1521, 21, 'F8', 'Партер', 6, 0, '1.50', '2025-06-05 23:16:48', '2025-06-05 23:16:48', NULL),
(1522, 21, 'F9', 'Партер', 6, 0, '1.50', '2025-06-05 23:16:48', '2025-06-05 23:16:48', NULL),
(1523, 21, 'F10', 'Партер', 6, 0, '1.50', '2025-06-05 23:16:48', '2025-06-05 23:16:48', NULL),
(1524, 21, 'F11', 'Партер', 6, 0, '1.50', '2025-06-05 23:16:48', '2025-06-05 23:16:48', NULL),
(1525, 21, 'F12', 'Партер', 6, 0, '1.50', '2025-06-05 23:16:48', '2025-06-05 23:16:48', NULL),
(1526, 21, 'F13', 'Партер', 6, 0, '1.50', '2025-06-05 23:16:48', '2025-06-05 23:16:48', NULL),
(1527, 21, 'F14', 'Партер', 6, 0, '1.50', '2025-06-05 23:16:48', '2025-06-05 23:16:48', NULL),
(1528, 21, 'F15', 'Партер', 6, 0, '1.50', '2025-06-05 23:16:48', '2025-06-05 23:16:48', NULL),
(1529, 21, 'F16', 'Партер', 6, 0, '1.50', '2025-06-05 23:16:48', '2025-06-05 23:16:48', NULL),
(1530, 21, 'F17', 'Партер', 6, 0, '1.50', '2025-06-05 23:16:48', '2025-06-05 23:16:48', NULL),
(1531, 21, 'F18', 'Партер', 6, 0, '1.50', '2025-06-05 23:16:48', '2025-06-05 23:16:48', NULL),
(1532, 21, 'F19', 'Партер', 6, 0, '1.50', '2025-06-05 23:16:48', '2025-06-05 23:16:48', NULL),
(1533, 21, 'F20', 'Партер', 6, 0, '1.50', '2025-06-05 23:16:48', '2025-06-05 23:16:48', NULL),
(1534, 21, 'G1', 'Партер', 7, 0, '1.50', '2025-06-05 23:16:48', '2025-06-05 23:16:48', NULL),
(1535, 21, 'G2', 'Партер', 7, 0, '1.50', '2025-06-05 23:16:48', '2025-06-05 23:16:48', NULL),
(1536, 21, 'G3', 'Партер', 7, 0, '1.50', '2025-06-05 23:16:48', '2025-06-05 23:16:48', NULL),
(1537, 21, 'G4', 'Партер', 7, 0, '1.50', '2025-06-05 23:16:48', '2025-06-05 23:16:48', NULL),
(1538, 21, 'G5', 'Партер', 7, 0, '1.50', '2025-06-05 23:16:48', '2025-06-05 23:16:48', NULL),
(1539, 21, 'G6', 'Партер', 7, 0, '1.50', '2025-06-05 23:16:48', '2025-06-05 23:16:48', NULL),
(1540, 21, 'G7', 'Партер', 7, 0, '1.50', '2025-06-05 23:16:48', '2025-06-05 23:16:48', NULL),
(1541, 21, 'G8', 'Партер', 7, 0, '1.50', '2025-06-05 23:16:48', '2025-06-05 23:16:48', NULL),
(1542, 21, 'G9', 'Партер', 7, 0, '1.50', '2025-06-05 23:16:48', '2025-06-05 23:16:48', NULL),
(1543, 21, 'G10', 'Партер', 7, 0, '1.50', '2025-06-05 23:16:48', '2025-06-05 23:16:48', NULL),
(1544, 21, 'G11', 'Партер', 7, 0, '1.50', '2025-06-05 23:16:48', '2025-06-05 23:16:48', NULL),
(1545, 21, 'G12', 'Партер', 7, 0, '1.50', '2025-06-05 23:16:48', '2025-06-05 23:16:48', NULL),
(1546, 21, 'G13', 'Партер', 7, 0, '1.50', '2025-06-05 23:16:48', '2025-06-05 23:16:48', NULL),
(1547, 21, 'G14', 'Партер', 7, 0, '1.50', '2025-06-05 23:16:48', '2025-06-05 23:16:48', NULL),
(1548, 21, 'G15', 'Партер', 7, 0, '1.50', '2025-06-05 23:16:48', '2025-06-05 23:16:48', NULL),
(1549, 21, 'G16', 'Партер', 7, 0, '1.50', '2025-06-05 23:16:48', '2025-06-05 23:16:48', NULL),
(1550, 21, 'G17', 'Партер', 7, 0, '1.50', '2025-06-05 23:16:48', '2025-06-05 23:16:48', NULL),
(1551, 21, 'G18', 'Партер', 7, 0, '1.50', '2025-06-05 23:16:48', '2025-06-05 23:16:48', NULL),
(1552, 21, 'G19', 'Партер', 7, 0, '1.50', '2025-06-05 23:16:48', '2025-06-05 23:16:48', NULL),
(1553, 21, 'G20', 'Партер', 7, 0, '1.50', '2025-06-05 23:16:48', '2025-06-05 23:16:48', NULL),
(1554, 21, 'H1', 'Балкон', 8, 0, '1.00', '2025-06-05 23:16:48', '2025-06-05 23:16:48', NULL),
(1555, 21, 'H2', 'Балкон', 8, 0, '1.00', '2025-06-05 23:16:48', '2025-06-05 23:16:48', NULL),
(1556, 21, 'H3', 'Балкон', 8, 0, '1.00', '2025-06-05 23:16:48', '2025-06-05 23:16:48', NULL),
(1557, 21, 'H4', 'Балкон', 8, 0, '1.00', '2025-06-05 23:16:48', '2025-06-05 23:16:48', NULL),
(1558, 21, 'H5', 'Балкон', 8, 0, '1.00', '2025-06-05 23:16:48', '2025-06-05 23:16:48', NULL),
(1559, 21, 'H6', 'Балкон', 8, 0, '1.00', '2025-06-05 23:16:48', '2025-06-05 23:16:48', NULL),
(1560, 21, 'H7', 'Балкон', 8, 0, '1.00', '2025-06-05 23:16:48', '2025-06-05 23:16:48', NULL),
(1561, 21, 'H8', 'Балкон', 8, 0, '1.00', '2025-06-05 23:16:48', '2025-06-05 23:16:48', NULL),
(1562, 21, 'H9', 'Балкон', 8, 0, '1.00', '2025-06-05 23:16:48', '2025-06-05 23:16:48', NULL),
(1563, 21, 'H10', 'Балкон', 8, 0, '1.00', '2025-06-05 23:16:48', '2025-06-05 23:16:48', NULL),
(1564, 21, 'H11', 'Балкон', 8, 0, '1.00', '2025-06-05 23:16:48', '2025-06-05 23:16:48', NULL),
(1565, 21, 'H12', 'Балкон', 8, 0, '1.00', '2025-06-05 23:16:48', '2025-06-05 23:16:48', NULL),
(1566, 21, 'H13', 'Балкон', 8, 0, '1.00', '2025-06-05 23:16:48', '2025-06-05 23:16:48', NULL),
(1567, 21, 'H14', 'Балкон', 8, 0, '1.00', '2025-06-05 23:16:48', '2025-06-05 23:16:48', NULL),
(1568, 21, 'H15', 'Балкон', 8, 0, '1.00', '2025-06-05 23:16:48', '2025-06-05 23:16:48', NULL),
(1569, 21, 'H16', 'Балкон', 8, 0, '1.00', '2025-06-05 23:16:48', '2025-06-05 23:16:48', NULL),
(1570, 21, 'H17', 'Балкон', 8, 0, '1.00', '2025-06-05 23:16:48', '2025-06-05 23:16:48', NULL),
(1571, 21, 'H18', 'Балкон', 8, 0, '1.00', '2025-06-05 23:16:48', '2025-06-05 23:16:48', NULL),
(1572, 21, 'H19', 'Балкон', 8, 0, '1.00', '2025-06-05 23:16:48', '2025-06-05 23:16:48', NULL),
(1573, 21, 'H20', 'Балкон', 8, 0, '1.00', '2025-06-05 23:16:48', '2025-06-05 23:16:48', NULL),
(1574, 21, 'I1', 'Балкон', 9, 0, '1.00', '2025-06-05 23:16:48', '2025-06-05 23:16:48', NULL),
(1575, 21, 'I2', 'Балкон', 9, 0, '1.00', '2025-06-05 23:16:48', '2025-06-05 23:16:48', NULL),
(1576, 21, 'I3', 'Балкон', 9, 0, '1.00', '2025-06-05 23:16:48', '2025-06-05 23:16:48', NULL),
(1577, 21, 'I4', 'Балкон', 9, 0, '1.00', '2025-06-05 23:16:48', '2025-06-05 23:16:48', NULL),
(1578, 21, 'I5', 'Балкон', 9, 0, '1.00', '2025-06-05 23:16:48', '2025-06-05 23:16:48', NULL),
(1579, 21, 'I6', 'Балкон', 9, 0, '1.00', '2025-06-05 23:16:48', '2025-06-05 23:16:48', NULL),
(1580, 21, 'I7', 'Балкон', 9, 0, '1.00', '2025-06-05 23:16:48', '2025-06-05 23:16:48', NULL),
(1581, 21, 'I8', 'Балкон', 9, 0, '1.00', '2025-06-05 23:16:48', '2025-06-05 23:16:48', NULL),
(1582, 21, 'I9', 'Балкон', 9, 0, '1.00', '2025-06-05 23:16:48', '2025-06-05 23:16:48', NULL),
(1583, 21, 'I10', 'Балкон', 9, 0, '1.00', '2025-06-05 23:16:48', '2025-06-05 23:16:48', NULL),
(1584, 21, 'I11', 'Балкон', 9, 0, '1.00', '2025-06-05 23:16:48', '2025-06-05 23:16:48', NULL),
(1585, 21, 'I12', 'Балкон', 9, 0, '1.00', '2025-06-05 23:16:48', '2025-06-05 23:16:48', NULL),
(1586, 21, 'I13', 'Балкон', 9, 0, '1.00', '2025-06-05 23:16:48', '2025-06-05 23:16:48', NULL),
(1587, 21, 'I14', 'Балкон', 9, 0, '1.00', '2025-06-05 23:16:48', '2025-06-05 23:16:48', NULL),
(1588, 21, 'I15', 'Балкон', 9, 0, '1.00', '2025-06-05 23:16:48', '2025-06-05 23:16:48', NULL),
(1589, 21, 'I16', 'Балкон', 9, 0, '1.00', '2025-06-05 23:16:48', '2025-06-05 23:16:48', NULL),
(1590, 21, 'I17', 'Балкон', 9, 0, '1.00', '2025-06-05 23:16:48', '2025-06-05 23:16:48', NULL),
(1591, 21, 'I18', 'Балкон', 9, 0, '1.00', '2025-06-05 23:16:48', '2025-06-05 23:16:48', NULL),
(1592, 21, 'I19', 'Балкон', 9, 0, '1.00', '2025-06-05 23:16:48', '2025-06-05 23:16:48', NULL),
(1593, 21, 'I20', 'Балкон', 9, 0, '1.00', '2025-06-05 23:16:48', '2025-06-05 23:16:48', NULL),
(1594, 21, 'J1', 'Балкон', 10, 0, '1.00', '2025-06-05 23:16:48', '2025-06-05 23:16:48', NULL),
(1595, 21, 'J2', 'Балкон', 10, 0, '1.00', '2025-06-05 23:16:48', '2025-06-05 23:16:48', NULL),
(1596, 21, 'J3', 'Балкон', 10, 0, '1.00', '2025-06-05 23:16:48', '2025-06-05 23:16:48', NULL),
(1597, 21, 'J4', 'Балкон', 10, 0, '1.00', '2025-06-05 23:16:48', '2025-06-05 23:16:48', NULL),
(1598, 21, 'J5', 'Балкон', 10, 0, '1.00', '2025-06-05 23:16:48', '2025-06-05 23:16:48', NULL),
(1599, 21, 'J6', 'Балкон', 10, 0, '1.00', '2025-06-05 23:16:48', '2025-06-05 23:16:48', NULL),
(1600, 21, 'J7', 'Балкон', 10, 0, '1.00', '2025-06-05 23:16:48', '2025-06-05 23:16:48', NULL),
(1601, 21, 'J8', 'Балкон', 10, 0, '1.00', '2025-06-05 23:16:48', '2025-06-05 23:16:48', NULL),
(1602, 21, 'J9', 'Балкон', 10, 0, '1.00', '2025-06-05 23:16:48', '2025-06-05 23:16:48', NULL),
(1603, 21, 'J10', 'Балкон', 10, 0, '1.00', '2025-06-05 23:16:48', '2025-06-05 23:16:48', NULL),
(1604, 21, 'J11', 'Балкон', 10, 0, '1.00', '2025-06-05 23:16:48', '2025-06-05 23:16:48', NULL),
(1605, 21, 'J12', 'Балкон', 10, 0, '1.00', '2025-06-05 23:16:48', '2025-06-05 23:16:48', NULL),
(1606, 21, 'J13', 'Балкон', 10, 0, '1.00', '2025-06-05 23:16:48', '2025-06-05 23:16:48', NULL),
(1607, 21, 'J14', 'Балкон', 10, 0, '1.00', '2025-06-05 23:16:48', '2025-06-05 23:16:48', NULL),
(1608, 21, 'J15', 'Балкон', 10, 0, '1.00', '2025-06-05 23:16:48', '2025-06-05 23:16:48', NULL),
(1609, 21, 'J16', 'Балкон', 10, 0, '1.00', '2025-06-05 23:16:48', '2025-06-05 23:16:48', NULL),
(1610, 21, 'J17', 'Балкон', 10, 0, '1.00', '2025-06-05 23:16:48', '2025-06-05 23:16:48', NULL),
(1611, 21, 'J18', 'Балкон', 10, 0, '1.00', '2025-06-05 23:16:48', '2025-06-05 23:16:48', NULL),
(1612, 21, 'J19', 'Балкон', 10, 0, '1.00', '2025-06-05 23:16:48', '2025-06-05 23:16:48', NULL),
(1613, 21, 'J20', 'Балкон', 10, 0, '1.00', '2025-06-05 23:16:48', '2025-06-05 23:16:48', NULL);

-- --------------------------------------------------------

--
-- Структура таблицы `Tickets`
--

CREATE TABLE `Tickets` (
  `ticket_id` int(11) NOT NULL,
  `event_id` int(11) NOT NULL,
  `ticket_type` varchar(50) NOT NULL,
  `price` decimal(10,2) NOT NULL,
  `quantity_available` int(11) NOT NULL,
  `booking_start` datetime DEFAULT NULL,
  `booking_end` datetime DEFAULT NULL,
  `deleted_at` datetime DEFAULT NULL
) ENGINE=InnoDB DEFAULT CHARSET=utf8mb4;

--
-- Дамп данных таблицы `Tickets`
--

INSERT INTO `Tickets` (`ticket_id`, `event_id`, `ticket_type`, `price`, `quantity_available`, `booking_start`, `booking_end`, `deleted_at`) VALUES
(1, 1, 'Стандарт', '1500.00', 200, '2025-05-01 00:00:00', '2025-06-14 23:59:59', NULL),
(2, 1, 'VIP', '3500.00', 50, '2025-05-01 00:00:00', '2025-06-14 23:59:59', NULL),
(3, 2, 'Общий вход', '800.00', 150, '2025-06-01 00:00:00', '2025-07-19 23:59:59', NULL),
(4, 3, 'Бесплатный вход', '0.00', 1000, '2025-07-01 00:00:00', '2025-08-29 23:59:59', NULL),
(5, 4, 'Бесплатный вход', '0.00', 500, '2025-05-20 00:00:00', '2025-06-09 23:59:59', NULL),
(6, 5, 'Бесплатный вход', '0.00', 200, '2025-06-01 00:00:00', '2025-08-14 23:59:59', NULL),
(7, 6, 'Стандарт', '1500.00', 300, '2025-06-01 00:00:00', '2025-09-04 23:59:59', NULL),
(8, 6, 'VIP', '2500.00', 50, '2025-06-01 00:00:00', '2025-09-04 23:59:59', NULL),
(9, 7, 'Бесплатный вход', '0.00', 1000, '2025-06-01 00:00:00', '2025-07-18 23:59:59', NULL),
(10, 8, 'Дневной сеанс', '500.00', 100, '2025-08-01 00:00:00', '2025-09-30 23:59:59', NULL),
(11, 8, 'Вечерний сеанс', '800.00', 150, '2025-08-01 00:00:00', '2025-09-30 23:59:59', NULL);

-- --------------------------------------------------------

--
-- Структура таблицы `Users`
--

CREATE TABLE `Users` (
  `user_id` int(11) NOT NULL,
  `username` varchar(50) NOT NULL,
  `email` varchar(100) NOT NULL,
  `password_hash` varchar(255) NOT NULL,
  `phone` varchar(20) DEFAULT NULL,
  `role` varchar(20) NOT NULL,
  `registration_date` timestamp NULL DEFAULT current_timestamp(),
  `is_active` tinyint(1) DEFAULT 1,
  `updated_at` datetime NOT NULL,
  `created_at` datetime NOT NULL,
  `deleted_at` datetime DEFAULT NULL
) ENGINE=InnoDB DEFAULT CHARSET=utf8mb4;

--
-- Дамп данных таблицы `Users`
--

INSERT INTO `Users` (`user_id`, `username`, `email`, `password_hash`, `phone`, `role`, `registration_date`, `is_active`, `updated_at`, `created_at`, `deleted_at`) VALUES
(1, 'ivanov', 'ivanov@example.com', '$2y$10$92IXUNpkjO0rOQ5byMi.Ye4oKoEa3Ro9llC/.og/at2.uheWG/igi', '+79161234567', 'user', '2025-05-13 06:03:08', 1, '0000-00-00 00:00:00', '0000-00-00 00:00:00', NULL),
(2, 'petrova', 'petrova@example.com', '$2y$10$92IXUNpkjO0rOQ5byMi.Ye4oKoEa3Ro9llC/.og/at2.uheWG/igi', '+79167654321', 'user', '2025-05-13 06:03:08', 1, '2025-06-01 10:27:00', '0000-00-00 00:00:00', '2025-06-01 10:27:00'),
(3, 'sidorov', 'sidorov@example.com', '$2y$10$92IXUNpkjO0rOQ5byMi.Ye4oKoEa3Ro9llC/.og/at2.uheWG/igi', '+79165554433', 'user', '2025-05-13 06:03:08', 1, '2025-05-28 22:18:41', '0000-00-00 00:00:00', NULL),
(4, 'admins', 'admin@example.com', '$2y$10$92IXUNpkjO0rOQ5byMi.Ye4oKoEa3Ro9llC/.og/at2.uheWG/igi', '+79160000000', 'admin', '2025-05-13 06:03:08', 1, '0000-00-00 00:00:00', '0000-00-00 00:00:00', NULL),
(5, 'user', 'user@user', '$2y$12$jO5sBIDCEsSY6PCTdj0Kfe0g/eWUzb7/d.zIIgXVNsOlB3ITo1Fn.', '88005553535', 'user', '2025-05-28 18:42:55', 1, '2025-05-28 18:42:55', '2025-05-28 18:42:55', NULL),
(6, 'admin', 'admin@admin', '$2y$12$wQgdBh5Z2VnlNo1KzbE3OuwAaS05.irt8MV5uY9bmkWmWgIjTKiLC', '88005553535', 'admin', '2025-05-28 20:33:42', 1, '2025-05-28 20:33:42', '2025-05-28 20:33:42', NULL),
(12, 'qwertyuioop', 'qwertyuioop@qwertyuioop', '$2y$12$QRG.U3TePXlzOndY2J3/u.iqsuMa/HgJQqxmk.HbBHw9GMLawv4PG', 'qwertyuioop', 'organizer', '2025-06-01 09:50:46', 1, '2025-06-01 09:50:46', '2025-06-01 09:50:46', NULL),
(13, 'organizer@organizers', 'organizer@organizers', '$2y$12$uEhd70LE/5GsiNqXpNuLGOjDsO/M8rD3ax.ePsFBuzgL056PGFMU2', 'organizer@organizers', 'organizer', '2025-06-01 11:55:39', 1, '2025-06-01 11:55:39', '2025-06-01 11:55:39', NULL);

--
-- Индексы сохранённых таблиц
--

--
-- Индексы таблицы `Bookings`
--
ALTER TABLE `Bookings`
  ADD PRIMARY KEY (`booking_id`),
  ADD KEY `user_id` (`user_id`),
  ADD KEY `ticket_id` (`ticket_id`),
  ADD KEY `seat_id` (`seat_id`);

--
-- Индексы таблицы `Events`
--
ALTER TABLE `Events`
  ADD PRIMARY KEY (`event_id`),
  ADD KEY `organizer_id` (`organizer_id`);

--
-- Индексы таблицы `Favorites`
--
ALTER TABLE `Favorites`
  ADD PRIMARY KEY (`favorite_id`),
  ADD UNIQUE KEY `user_id` (`user_id`,`event_id`),
  ADD KEY `event_id` (`event_id`);

--
-- Индексы таблицы `News`
--
ALTER TABLE `News`
  ADD PRIMARY KEY (`news_id`),
  ADD KEY `organizer_id` (`organizer_id`);

--
-- Индексы таблицы `Notifications`
--
ALTER TABLE `Notifications`
  ADD PRIMARY KEY (`notification_id`),
  ADD KEY `user_id` (`user_id`);

--
-- Индексы таблицы `Organizers`
--
ALTER TABLE `Organizers`
  ADD PRIMARY KEY (`organizer_id`),
  ADD KEY `user_id` (`user_id`);

--
-- Индексы таблицы `Reviews`
--
ALTER TABLE `Reviews`
  ADD PRIMARY KEY (`review_id`),
  ADD KEY `user_id` (`user_id`),
  ADD KEY `event_id` (`event_id`);

--
-- Индексы таблицы `Seats`
--
ALTER TABLE `Seats`
  ADD PRIMARY KEY (`seat_id`),
  ADD KEY `event_id` (`event_id`);

--
-- Индексы таблицы `Tickets`
--
ALTER TABLE `Tickets`
  ADD PRIMARY KEY (`ticket_id`),
  ADD KEY `event_id` (`event_id`);

--
-- Индексы таблицы `Users`
--
ALTER TABLE `Users`
  ADD PRIMARY KEY (`user_id`),
  ADD UNIQUE KEY `email` (`email`);

--
-- AUTO_INCREMENT для сохранённых таблиц
--

--
-- AUTO_INCREMENT для таблицы `Bookings`
--
ALTER TABLE `Bookings`
  MODIFY `booking_id` int(11) NOT NULL AUTO_INCREMENT, AUTO_INCREMENT=15;

--
-- AUTO_INCREMENT для таблицы `Events`
--
ALTER TABLE `Events`
  MODIFY `event_id` int(11) NOT NULL AUTO_INCREMENT, AUTO_INCREMENT=22;

--
-- AUTO_INCREMENT для таблицы `Favorites`
--
ALTER TABLE `Favorites`
  MODIFY `favorite_id` int(11) NOT NULL AUTO_INCREMENT, AUTO_INCREMENT=9;

--
-- AUTO_INCREMENT для таблицы `News`
--
ALTER TABLE `News`
  MODIFY `news_id` int(11) NOT NULL AUTO_INCREMENT, AUTO_INCREMENT=3;

--
-- AUTO_INCREMENT для таблицы `Notifications`
--
ALTER TABLE `Notifications`
  MODIFY `notification_id` int(11) NOT NULL AUTO_INCREMENT, AUTO_INCREMENT=3;

--
-- AUTO_INCREMENT для таблицы `Organizers`
--
ALTER TABLE `Organizers`
  MODIFY `organizer_id` int(11) NOT NULL AUTO_INCREMENT, AUTO_INCREMENT=7;

--
-- AUTO_INCREMENT для таблицы `Reviews`
--
ALTER TABLE `Reviews`
  MODIFY `review_id` int(11) NOT NULL AUTO_INCREMENT, AUTO_INCREMENT=3;

--
-- AUTO_INCREMENT для таблицы `Seats`
--
ALTER TABLE `Seats`
  MODIFY `seat_id` int(11) NOT NULL AUTO_INCREMENT, AUTO_INCREMENT=1614;

--
-- AUTO_INCREMENT для таблицы `Tickets`
--
ALTER TABLE `Tickets`
  MODIFY `ticket_id` int(11) NOT NULL AUTO_INCREMENT, AUTO_INCREMENT=12;

--
-- AUTO_INCREMENT для таблицы `Users`
--
ALTER TABLE `Users`
  MODIFY `user_id` int(11) NOT NULL AUTO_INCREMENT, AUTO_INCREMENT=14;

--
-- Ограничения внешнего ключа сохраненных таблиц
--

--
-- Ограничения внешнего ключа таблицы `Bookings`
--
ALTER TABLE `Bookings`
  ADD CONSTRAINT `bookings_ibfk_1` FOREIGN KEY (`user_id`) REFERENCES `Users` (`user_id`),
  ADD CONSTRAINT `bookings_ibfk_2` FOREIGN KEY (`ticket_id`) REFERENCES `Tickets` (`ticket_id`),
  ADD CONSTRAINT `bookings_ibfk_3` FOREIGN KEY (`seat_id`) REFERENCES `Seats` (`seat_id`);

--
-- Ограничения внешнего ключа таблицы `Events`
--
ALTER TABLE `Events`
  ADD CONSTRAINT `events_ibfk_1` FOREIGN KEY (`organizer_id`) REFERENCES `Organizers` (`organizer_id`);

--
-- Ограничения внешнего ключа таблицы `Favorites`
--
ALTER TABLE `Favorites`
  ADD CONSTRAINT `favorites_ibfk_1` FOREIGN KEY (`user_id`) REFERENCES `Users` (`user_id`),
  ADD CONSTRAINT `favorites_ibfk_2` FOREIGN KEY (`event_id`) REFERENCES `Events` (`event_id`);

--
-- Ограничения внешнего ключа таблицы `News`
--
ALTER TABLE `News`
  ADD CONSTRAINT `news_ibfk_1` FOREIGN KEY (`organizer_id`) REFERENCES `Organizers` (`organizer_id`);

--
-- Ограничения внешнего ключа таблицы `Notifications`
--
ALTER TABLE `Notifications`
  ADD CONSTRAINT `notifications_ibfk_1` FOREIGN KEY (`user_id`) REFERENCES `Users` (`user_id`);

--
-- Ограничения внешнего ключа таблицы `Organizers`
--
ALTER TABLE `Organizers`
  ADD CONSTRAINT `organizers_ibfk_1` FOREIGN KEY (`user_id`) REFERENCES `Users` (`user_id`);

--
-- Ограничения внешнего ключа таблицы `Reviews`
--
ALTER TABLE `Reviews`
  ADD CONSTRAINT `reviews_ibfk_1` FOREIGN KEY (`user_id`) REFERENCES `Users` (`user_id`),
  ADD CONSTRAINT `reviews_ibfk_2` FOREIGN KEY (`event_id`) REFERENCES `Events` (`event_id`);

--
-- Ограничения внешнего ключа таблицы `Seats`
--
ALTER TABLE `Seats`
  ADD CONSTRAINT `seats_ibfk_1` FOREIGN KEY (`event_id`) REFERENCES `Events` (`event_id`) ON DELETE CASCADE ON UPDATE CASCADE;

--
-- Ограничения внешнего ключа таблицы `Tickets`
--
ALTER TABLE `Tickets`
  ADD CONSTRAINT `tickets_ibfk_1` FOREIGN KEY (`event_id`) REFERENCES `Events` (`event_id`);
COMMIT;

/*!40101 SET CHARACTER_SET_CLIENT=@OLD_CHARACTER_SET_CLIENT */;
/*!40101 SET CHARACTER_SET_RESULTS=@OLD_CHARACTER_SET_RESULTS */;
/*!40101 SET COLLATION_CONNECTION=@OLD_COLLATION_CONNECTION */;
