-- phpMyAdmin SQL Dump
-- version 5.2.0
-- https://www.phpmyadmin.net/
--
-- Хост: 127.0.0.1:3306
-- Время создания: Июн 10 2025 г., 02:48
-- Версия сервера: 10.8.4-MariaDB-log
-- Версия PHP: 8.1.9

SET SQL_MODE = "NO_AUTO_VALUE_ON_ZERO";
START TRANSACTION;
SET time_zone = "+00:00";


/*!40101 SET @OLD_CHARACTER_SET_CLIENT=@@CHARACTER_SET_CLIENT */;
/*!40101 SET @OLD_CHARACTER_SET_RESULTS=@@CHARACTER_SET_RESULTS */;
/*!40101 SET @OLD_COLLATION_CONNECTION=@@COLLATION_CONNECTION */;
/*!40101 SET NAMES utf8mb4 */;

--
-- База данных: `app_Afisha`
--

-- --------------------------------------------------------

--
-- Структура таблицы `Bookings`
--

CREATE TABLE `Bookings` (
  `booking_id` int(11) NOT NULL,
  `user_id` int(11) NOT NULL,
  `ticket_id` int(11) DEFAULT NULL,
  `seat_id` int(11) DEFAULT NULL,
  `quantity` int(11) NOT NULL,
  `total_price` decimal(10,2) DEFAULT NULL,
  `booking_date` timestamp NULL DEFAULT current_timestamp(),
  `status` varchar(20) DEFAULT 'pending',
  `payment_method` varchar(50) DEFAULT NULL,
  `created_at` datetime DEFAULT NULL,
  `updated_at` datetime DEFAULT NULL,
  `deleted_at` datetime DEFAULT NULL,
  `event_id` int(11) DEFAULT NULL
) ENGINE=InnoDB DEFAULT CHARSET=utf8mb4;

--
-- Дамп данных таблицы `Bookings`
--

INSERT INTO `Bookings` (`booking_id`, `user_id`, `ticket_id`, `seat_id`, `quantity`, `total_price`, `booking_date`, `status`, `payment_method`, `created_at`, `updated_at`, `deleted_at`, `event_id`) VALUES
(2, 2, NULL, 1, 1, '1200.00', '2025-05-13 06:03:09', 'confirmed', 'online_payment', '0000-00-00 00:00:00', '0000-00-00 00:00:00', '0000-00-00 00:00:00', NULL),
(3, 1, 3, NULL, 1, '800.00', '2025-05-13 06:03:09', 'pending', NULL, '0000-00-00 00:00:00', '0000-00-00 00:00:00', '0000-00-00 00:00:00', NULL),
(5, 5, NULL, NULL, 1, '1500.00', '2025-05-29 08:03:20', 'confirmed', NULL, '2025-05-29 08:03:20', '2025-05-29 08:03:20', '0000-00-00 00:00:00', NULL),
(6, 5, NULL, NULL, 1, '1500.00', '2025-05-29 08:04:07', 'confirmed', NULL, '2025-05-29 08:04:07', '2025-05-29 08:04:07', '0000-00-00 00:00:00', NULL),
(7, 5, NULL, NULL, 1, '800.00', '2025-05-29 08:10:10', 'cancelled', NULL, '2025-05-29 08:10:10', '2025-06-06 06:25:54', '0000-00-00 00:00:00', NULL),
(8, 5, NULL, NULL, 1, '1500.00', '2025-05-29 08:23:45', 'cancelled', NULL, '2025-05-29 08:23:45', '2025-06-01 09:19:34', '2025-06-01 09:19:34', NULL),
(9, 5, NULL, NULL, 1, '800.00', '2025-05-29 08:26:51', 'confirmed', NULL, '2025-05-29 08:26:51', '2025-06-01 09:15:12', '2025-06-01 09:15:12', NULL),
(15, 5, NULL, NULL, 1, '11.00', '2025-06-06 00:01:33', 'cancelled', 'cash', '2025-06-06 00:01:33', '2025-06-06 00:34:19', NULL, 6),
(16, 5, NULL, NULL, 1, '11.00', '2025-06-06 00:01:39', 'pending', 'cash', '2025-06-06 00:01:39', '2025-06-06 00:01:39', NULL, 6),
(17, 5, NULL, NULL, 1, '11.00', '2025-06-06 00:02:03', 'cancelled', 'cash', '2025-06-06 00:02:03', '2025-06-06 00:29:06', NULL, 21),
(18, 5, NULL, NULL, 1, '11.00', '2025-06-06 00:04:36', 'cancelled', 'cash', '2025-06-06 00:04:36', '2025-06-06 00:34:11', NULL, 21),
(19, 5, NULL, NULL, 1, '11.00', '2025-06-06 00:06:44', 'cancelled', 'cash', '2025-06-06 00:06:44', '2025-06-06 02:22:09', NULL, 21),
(20, 5, NULL, NULL, 1, '11.00', '2025-06-06 00:12:37', 'cancelled', 'cash', '2025-06-06 00:12:37', '2025-06-06 00:34:06', NULL, 8),
(21, 5, NULL, NULL, 1, '11.00', '2025-06-06 00:15:33', 'cancelled', 'cash', '2025-06-06 00:15:33', '2025-06-06 00:34:04', NULL, 2),
(22, 5, NULL, NULL, 1, '1500.00', '2025-06-06 00:19:42', 'cancelled', 'card', '2025-06-06 00:19:42', '2025-06-06 00:27:05', NULL, 6),
(23, 5, NULL, NULL, 3, '1665.00', '2025-06-06 00:28:44', 'pending', 'card', '2025-06-06 00:28:44', '2025-06-06 00:28:44', NULL, 2),
(24, 5, NULL, NULL, 2, '666.00', '2025-06-06 00:29:27', 'cancelled', 'card', '2025-06-06 00:29:27', '2025-06-06 00:33:59', NULL, 21),
(25, 5, NULL, NULL, 4, '1332.00', '2025-06-06 00:31:08', 'cancelled', 'card', '2025-06-06 00:31:08', '2025-06-06 02:26:33', NULL, 21),
(26, 5, NULL, NULL, 1, '333.00', '2025-06-06 02:16:48', 'cancelled', 'card', '2025-06-06 02:16:48', '2025-06-06 06:08:17', NULL, 21),
(27, 14, NULL, NULL, 2, '1110.00', '2025-06-06 06:04:26', 'cancelled', 'card', '2025-06-06 06:04:26', '2025-06-06 06:04:44', NULL, 2),
(28, 14, NULL, NULL, 2, '100.00', '2025-06-06 06:11:52', 'pending', 'card', '2025-06-06 06:11:52', '2025-06-06 06:11:52', NULL, 24),
(29, 14, NULL, NULL, 2, '666.00', '2025-06-06 06:12:15', 'cancelled', 'card', '2025-06-06 06:12:15', '2025-06-06 06:12:38', NULL, 21),
(30, 17, NULL, NULL, 1, '800.00', '2025-06-06 07:04:29', 'pending', 'card', '2025-06-06 07:04:29', '2025-06-06 07:04:29', NULL, 30),
(31, 17, NULL, NULL, 1, '555.00', '2025-06-06 07:05:00', 'cancelled', 'card', '2025-06-06 07:05:00', '2025-06-06 07:05:18', NULL, 2),
(32, 18, NULL, NULL, 2, '1600.00', '2025-06-06 07:09:56', 'cancelled', 'card', '2025-06-06 07:09:56', '2025-06-06 07:10:13', NULL, 30),
(33, 18, NULL, NULL, 2, '1600.00', '2025-06-06 07:14:19', 'pending', 'cash', '2025-06-06 07:14:19', '2025-06-06 07:14:19', NULL, 30),
(34, 18, NULL, NULL, 2, '3000.00', '2025-06-06 07:14:48', 'pending', 'card', '2025-06-06 07:14:48', '2025-06-06 07:14:48', NULL, 6);

-- --------------------------------------------------------

--
-- Структура таблицы `Events`
--

CREATE TABLE `Events` (
  `event_id` int(11) NOT NULL,
  `organizer_id` int(11) NOT NULL,
  `title` varchar(100) NOT NULL,
  `description` text DEFAULT NULL,
  `category` varchar(50) NOT NULL,
  `start_datetime` datetime NOT NULL,
  `end_datetime` datetime NOT NULL,
  `location` varchar(255) NOT NULL,
  `age_restriction` int(11) DEFAULT NULL,
  `poster` varchar(255) DEFAULT NULL,
  `is_published` tinyint(1) DEFAULT 0,
  `created_at` timestamp NULL DEFAULT current_timestamp(),
  `is_free` int(11) NOT NULL,
  `is_featured` int(11) DEFAULT 0,
  `price` int(11) NOT NULL,
  `is_booking` int(11) DEFAULT 1,
  `link` varchar(255) DEFAULT NULL,
  `updated_at` datetime NOT NULL,
  `booking_type` enum('seated','general') NOT NULL,
  `deleted_at` datetime DEFAULT NULL
) ENGINE=InnoDB DEFAULT CHARSET=utf8mb4;

--
-- Дамп данных таблицы `Events`
--

INSERT INTO `Events` (`event_id`, `organizer_id`, `title`, `description`, `category`, `start_datetime`, `end_datetime`, `location`, `age_restriction`, `poster`, `is_published`, `created_at`, `is_free`, `is_featured`, `price`, `is_booking`, `link`, `updated_at`, `booking_type`, `deleted_at`) VALUES
(1, 1, 'Рок-фестиваль \"Лето\"', 'Ежегодный рок-фестиваль с участием местных и приглашенных групп', 'concert', '2025-06-15 18:00:00', '2025-06-15 23:00:00', 'Парк культуры и отдыха, Каменск-Уральский', 16, 'Рок-фестиваль Лето.jpg', 1, '2025-05-13 06:03:08', 0, 0, 345, 0, 'https://usadbagrebnevo.com/meropriyatiya/15-17-avgusta-festival-rok-uikend-v-grebnevo/', '0000-00-00 00:00:00', 'seated', '0000-00-00 00:00:00'),
(2, 1, 'Джаз под звездами', 'Вечер джазовой музыки с участием лучших джазовых коллективов города', 'concert', '2025-07-20 19:00:00', '2025-07-20 22:00:00', 'Дворец культуры \"Металлург\", Каменск-Уральский', 12, 'Джаз под звездами.jpg', 1, '2025-05-13 06:03:08', 0, 0, 555, 1, '', '0000-00-00 00:00:00', 'general', '0000-00-00 00:00:00'),
(3, 2, 'Городской день рождения', 'Торжественное празднование дня города с концертами, ярмаркой и фейерверком', 'festival', '2025-08-30 12:00:00', '2025-08-30 23:59:00', 'Центральная площадь, Каменск-Уральский', 0, 'Городской день рождения.jpg', 1, '2025-05-13 06:03:08', 0, 0, 66, 1, '', '0000-00-00 00:00:00', 'seated', '0000-00-00 00:00:00'),
(4, 1, 'Фестиваль уральской кухни1', 'Гастрономический фестиваль с блюдами уральской кухни и мастер-классами', 'festival', '2025-06-10 11:00:00', '2025-06-10 20:00:00', 'Набережная реки Исеть, Каменск-Уральский', 0, 'Фестиваль уральской кухни1.jpg', 1, '2025-05-28 18:46:00', 1, 0, 0, 1, '', '2025-06-01 09:23:14', 'seated', '0000-00-00 00:00:00'),
(5, 2, 'Выставка \"Каменск исторический\"', 'Выставка фотографий и артефактов, рассказывающих об истории города', 'exhibition', '2025-07-15 10:00:00', '2025-08-15 18:00:00', 'Краеведческий музей им. И.Я. Стяжкина, Каменск-Уральский', 0, '4.jpg', 1, '2025-05-28 18:46:00', 1, 1, 0, 1, '', '0000-00-00 00:00:00', 'general', '0000-00-00 00:00:00'),
(6, 1, 'Концерт группы \"Уральские пельмени\"', 'Юмористическое шоу от известного коллектива', 'concert', '2025-09-05 19:00:00', '2025-09-05 22:00:00', 'Дворец культуры \"Юность\", Каменск-Уральский', 16, '1.jpg', 1, '2025-05-28 18:46:00', 0, 1, 1500, 1, '', '0000-00-00 00:00:00', 'general', '0000-00-00 00:00:00'),
(7, 2, 'День металлурга', 'Городской праздник с концертом, конкурсами и фейерверком', 'festival', '2025-07-19 12:00:00', '2025-07-19 23:00:00', 'Парк Победы, Каменск-Уральский', 0, 'День металлурга.jpg', 1, '2025-05-28 18:46:00', 1, 0, 0, 1, '', '0000-00-00 00:00:00', 'seated', '0000-00-00 00:00:00'),
(8, 1, 'Театральный фестиваль \"Малая сцена\"', 'Выступления театральных коллективов со всей области', 'theater', '2025-10-01 18:00:00', '2025-10-05 22:00:00', 'Драматический театр, Каменск-Уральский', 12, 'Театральный фестиваль Малая сцена.jpg', 1, '2025-05-28 18:46:00', 0, 1, 800, 1, '', '0000-00-00 00:00:00', 'general', '0000-00-00 00:00:00'),
(30, 8, 'новое мероприятие редактирование admin', 'новое мероприятие - описание', 'concert', '2025-06-14 11:59:00', '2025-06-14 15:59:00', 'Место проведения', NULL, NULL, 1, '2025-06-06 03:59:44', 0, 0, 800, 1, NULL, '2025-06-06 07:16:02', 'seated', NULL);

-- --------------------------------------------------------

--
-- Структура таблицы `Favorites`
--

CREATE TABLE `Favorites` (
  `favorite_id` int(11) NOT NULL,
  `user_id` int(11) NOT NULL,
  `event_id` int(11) NOT NULL,
  `added_at` timestamp NULL DEFAULT current_timestamp(),
  `updated_at` datetime NOT NULL,
  `created_at` datetime NOT NULL
) ENGINE=InnoDB DEFAULT CHARSET=utf8mb4;

--
-- Дамп данных таблицы `Favorites`
--

INSERT INTO `Favorites` (`favorite_id`, `user_id`, `event_id`, `added_at`, `updated_at`, `created_at`) VALUES
(1, 1, 2, '2025-05-13 06:03:09', '0000-00-00 00:00:00', '0000-00-00 00:00:00'),
(2, 2, 1, '2025-05-13 06:03:09', '0000-00-00 00:00:00', '0000-00-00 00:00:00'),
(3, 2, 3, '2025-05-13 06:03:09', '0000-00-00 00:00:00', '0000-00-00 00:00:00'),
(5, 5, 7, '2025-05-28 19:25:35', '2025-05-28 19:25:35', '2025-05-28 19:25:35'),
(6, 5, 1, '2025-05-29 06:14:25', '2025-05-29 06:14:25', '2025-05-29 06:14:25'),
(7, 5, 5, '2025-05-29 07:24:37', '2025-05-29 07:24:37', '2025-05-29 07:24:37'),
(8, 5, 4, '2025-05-29 08:25:33', '2025-05-29 08:25:33', '2025-05-29 08:25:33'),
(9, 14, 2, '2025-06-06 06:04:13', '2025-06-06 06:04:13', '2025-06-06 06:04:13'),
(12, 17, 5, '2025-06-06 07:04:44', '2025-06-06 07:04:44', '2025-06-06 07:04:44'),
(13, 18, 30, '2025-06-06 07:09:45', '2025-06-06 07:09:45', '2025-06-06 07:09:45'),
(14, 18, 3, '2025-06-06 07:14:31', '2025-06-06 07:14:31', '2025-06-06 07:14:31');

-- --------------------------------------------------------

--
-- Структура таблицы `News`
--

CREATE TABLE `News` (
  `news_id` int(11) NOT NULL,
  `organizer_id` int(11) NOT NULL,
  `title` varchar(100) NOT NULL,
  `content` text DEFAULT NULL,
  `image` varchar(255) DEFAULT NULL,
  `created_at` timestamp NULL DEFAULT current_timestamp(),
  `is_pinned` tinyint(1) DEFAULT 0,
  `category` varchar(255) NOT NULL
) ENGINE=InnoDB DEFAULT CHARSET=utf8mb4;

--
-- Дамп данных таблицы `News`
--

INSERT INTO `News` (`news_id`, `organizer_id`, `title`, `content`, `image`, `created_at`, `is_pinned`, `category`) VALUES
(1, 1, 'Изменение в программе рок-фестиваля', 'Группа \"Алиса\" не сможет выступить на фестивале, вместо нее будет группа \"Кино\"', 'news1.jpg', '2025-05-13 06:03:08', 1, ''),
(2, 2, 'Программа дня города', 'Опубликована полная программа празднования дня города', 'news2.jpg', '2025-05-13 06:03:08', 0, '');

-- --------------------------------------------------------

--
-- Структура таблицы `Notifications`
--

CREATE TABLE `Notifications` (
  `notification_id` int(11) NOT NULL,
  `user_id` int(11) NOT NULL,
  `message` text NOT NULL,
  `is_read` tinyint(1) DEFAULT 0,
  `created_at` timestamp NULL DEFAULT current_timestamp()
) ENGINE=InnoDB DEFAULT CHARSET=utf8mb4;

--
-- Дамп данных таблицы `Notifications`
--

INSERT INTO `Notifications` (`notification_id`, `user_id`, `message`, `is_read`, `created_at`) VALUES
(1, 1, 'Ваше бронирование на рок-фестиваль подтверждено', 1, '2025-05-13 06:03:09'),
(2, 2, 'Осталось 3 дня до начала джазового вечера', 0, '2025-05-13 06:03:09');

-- --------------------------------------------------------

--
-- Структура таблицы `Organizers`
--

CREATE TABLE `Organizers` (
  `organizer_id` int(11) NOT NULL,
  `user_id` int(11) NOT NULL,
  `organization_name` varchar(100) NOT NULL,
  `description` text DEFAULT NULL,
  `logo_url` varchar(255) DEFAULT NULL,
  `contact_person` varchar(100) DEFAULT NULL,
  `is_verified` tinyint(1) DEFAULT 0,
  `contact_info` varchar(255) NOT NULL,
  `updated_at` timestamp NULL DEFAULT NULL,
  `created_at` datetime(6) DEFAULT NULL
) ENGINE=InnoDB DEFAULT CHARSET=utf8mb4;

--
-- Дамп данных таблицы `Organizers`
--

INSERT INTO `Organizers` (`organizer_id`, `user_id`, `organization_name`, `description`, `logo_url`, `contact_person`, `is_verified`, `contact_info`, `updated_at`, `created_at`) VALUES
(1, 3, 'Концертное агентство \"Мелодия\"', 'Организация концертов и музыкальных мероприятий', 'https://example.com/logos/melody.jpg', 'Сидоров Алексей', 1, '', '0000-00-00 00:00:00', '0000-00-00 00:00:00.000000'),
(2, 4, 'Администрация города', 'Официальные городские мероприятия', 'https://example.com/logos/city_admin.jpg', 'Иванова Мария', 1, '', '0000-00-00 00:00:00', '0000-00-00 00:00:00.000000'),
(5, 12, 'qwertyuioop', 'qwertyuioop', NULL, 'qwertyuioop', 0, 'qwertyuioop', '2025-06-01 06:50:46', '2025-06-01 09:50:46.000000'),
(6, 13, 'organizer@organizers', 'organizer@organizers', NULL, 'organizer@organizers', 0, 'organizer@organizers', '2025-06-01 08:55:39', '2025-06-01 11:55:39.000000'),
(7, 15, 'Организация', '', NULL, 'Иванов Иван', 0, 'Контактная информация', '2025-06-06 03:09:31', '2025-06-06 06:09:31.000000'),
(8, 16, 'Название организации *', '', NULL, 'Контактное лицо *', 0, 'Контактная информация *', '2025-06-06 03:58:45', '2025-06-06 06:58:45.000000');

-- --------------------------------------------------------

--
-- Структура таблицы `Reviews`
--

CREATE TABLE `Reviews` (
  `review_id` int(11) NOT NULL,
  `user_id` int(11) NOT NULL,
  `event_id` int(11) NOT NULL,
  `rating` int(11) NOT NULL,
  `comment` text DEFAULT NULL,
  `created_at` timestamp NULL DEFAULT current_timestamp()
) ENGINE=InnoDB DEFAULT CHARSET=utf8mb4;

--
-- Дамп данных таблицы `Reviews`
--

INSERT INTO `Reviews` (`review_id`, `user_id`, `event_id`, `rating`, `comment`, `created_at`) VALUES
(1, 1, 1, 5, 'Отличный фестиваль, жду следующего года!', '2025-05-13 06:03:09'),
(2, 2, 1, 4, 'Хорошая организация, но мало туалетов', '2025-05-13 06:03:09');

-- --------------------------------------------------------

--
-- Структура таблицы `Seats`
--

CREATE TABLE `Seats` (
  `seat_id` int(11) NOT NULL,
  `event_id` int(11) NOT NULL,
  `seat_number` varchar(10) NOT NULL,
  `zone` varchar(50) DEFAULT NULL,
  `seat_row` int(11) DEFAULT NULL COMMENT 'Номер ряда (вместо row_number, который является зарезервированным словом)',
  `is_reserved` tinyint(1) DEFAULT 0,
  `price_multiplier` decimal(3,2) DEFAULT 1.00,
  `created_at` datetime NOT NULL,
  `updated_at` datetime NOT NULL,
  `deleted_at` datetime DEFAULT NULL,
  `booking_id` int(11) DEFAULT NULL
) ENGINE=InnoDB DEFAULT CHARSET=utf8mb4;

--
-- Дамп данных таблицы `Seats`
--

INSERT INTO `Seats` (`seat_id`, `event_id`, `seat_number`, `zone`, `seat_row`, `is_reserved`, `price_multiplier`, `created_at`, `updated_at`, `deleted_at`, `booking_id`) VALUES
(1, 2, 'A1', 'Партер', 1, 0, '1.50', '0000-00-00 00:00:00', '0000-00-00 00:00:00', '0000-00-00 00:00:00', NULL),
(2, 2, 'A2', 'Партер', 1, 0, '1.50', '0000-00-00 00:00:00', '0000-00-00 00:00:00', '0000-00-00 00:00:00', NULL),
(3, 2, 'B1', 'Балкон', 2, 0, '1.00', '0000-00-00 00:00:00', '0000-00-00 00:00:00', '0000-00-00 00:00:00', NULL),
(4, 2, 'B2', 'Балкон', 2, 0, '1.00', '0000-00-00 00:00:00', '0000-00-00 00:00:00', '0000-00-00 00:00:00', NULL),
(5, 2, 'C1', 'Ложа', 3, 0, '2.00', '0000-00-00 00:00:00', '0000-00-00 00:00:00', '0000-00-00 00:00:00', NULL),
(6, 6, 'A1', 'Партер', 1, 0, '1.50', '0000-00-00 00:00:00', '0000-00-00 00:00:00', '0000-00-00 00:00:00', NULL),
(7, 6, 'A2', 'Партер', 1, 0, '1.50', '0000-00-00 00:00:00', '0000-00-00 00:00:00', '0000-00-00 00:00:00', NULL),
(8, 6, 'B1', 'Балкон', 2, 0, '1.00', '0000-00-00 00:00:00', '0000-00-00 00:00:00', '0000-00-00 00:00:00', NULL),
(9, 6, 'B2', 'Балкон', 2, 0, '1.00', '0000-00-00 00:00:00', '0000-00-00 00:00:00', '0000-00-00 00:00:00', NULL),
(10, 8, 'A1', 'Партер', 1, 0, '1.20', '0000-00-00 00:00:00', '0000-00-00 00:00:00', '0000-00-00 00:00:00', NULL),
(11, 8, 'A2', 'Партер', 1, 0, '1.20', '0000-00-00 00:00:00', '0000-00-00 00:00:00', '0000-00-00 00:00:00', NULL),
(12, 8, 'B1', 'Балкон', 2, 0, '1.00', '0000-00-00 00:00:00', '0000-00-00 00:00:00', '0000-00-00 00:00:00', NULL),
(13, 8, 'B2', 'Балкон', 2, 0, '1.00', '0000-00-00 00:00:00', '0000-00-00 00:00:00', '0000-00-00 00:00:00', NULL),
(2289, 30, 'A1', 'Ложа', 1, 1, '2.00', '2025-06-06 06:59:44', '2025-06-06 07:04:29', NULL, 30),
(2290, 30, 'A2', 'Ложа', 1, 0, '2.00', '2025-06-06 06:59:44', '2025-06-06 06:59:44', NULL, NULL),
(2291, 30, 'A3', 'Ложа', 1, 0, '2.00', '2025-06-06 06:59:44', '2025-06-06 06:59:44', NULL, NULL),
(2292, 30, 'A4', 'Ложа', 1, 0, '2.00', '2025-06-06 06:59:44', '2025-06-06 06:59:44', NULL, NULL),
(2293, 30, 'A5', 'Ложа', 1, 0, '2.00', '2025-06-06 06:59:44', '2025-06-06 06:59:44', NULL, NULL),
(2294, 30, 'A6', 'Ложа', 1, 0, '2.00', '2025-06-06 06:59:44', '2025-06-06 07:10:13', NULL, NULL),
(2295, 30, 'A7', 'Ложа', 1, 0, '2.00', '2025-06-06 06:59:44', '2025-06-06 06:59:44', NULL, NULL),
(2296, 30, 'A8', 'Ложа', 1, 0, '2.00', '2025-06-06 06:59:44', '2025-06-06 06:59:44', NULL, NULL),
(2297, 30, 'A9', 'Ложа', 1, 0, '2.00', '2025-06-06 06:59:44', '2025-06-06 06:59:44', NULL, NULL),
(2298, 30, 'A10', 'Ложа', 1, 0, '2.00', '2025-06-06 06:59:44', '2025-06-06 06:59:44', NULL, NULL),
(2299, 30, 'A11', 'Ложа', 1, 0, '2.00', '2025-06-06 06:59:44', '2025-06-06 06:59:44', NULL, NULL),
(2300, 30, 'A12', 'Ложа', 1, 0, '2.00', '2025-06-06 06:59:44', '2025-06-06 06:59:44', NULL, NULL),
(2301, 30, 'A13', 'Ложа', 1, 0, '2.00', '2025-06-06 06:59:44', '2025-06-06 06:59:44', NULL, NULL),
(2302, 30, 'A14', 'Ложа', 1, 0, '2.00', '2025-06-06 06:59:44', '2025-06-06 06:59:44', NULL, NULL),
(2303, 30, 'A15', 'Ложа', 1, 0, '2.00', '2025-06-06 06:59:44', '2025-06-06 06:59:44', NULL, NULL),
(2304, 30, 'A16', 'Ложа', 1, 0, '2.00', '2025-06-06 06:59:44', '2025-06-06 06:59:44', NULL, NULL),
(2305, 30, 'A17', 'Ложа', 1, 0, '2.00', '2025-06-06 06:59:44', '2025-06-06 07:10:13', NULL, NULL),
(2306, 30, 'A18', 'Ложа', 1, 0, '2.00', '2025-06-06 06:59:44', '2025-06-06 06:59:44', NULL, NULL),
(2307, 30, 'A19', 'Ложа', 1, 0, '2.00', '2025-06-06 06:59:44', '2025-06-06 06:59:44', NULL, NULL),
(2308, 30, 'A20', 'Ложа', 1, 0, '2.00', '2025-06-06 06:59:44', '2025-06-06 06:59:44', NULL, NULL),
(2309, 30, 'B1', 'Ложа', 2, 0, '2.00', '2025-06-06 06:59:44', '2025-06-06 06:59:44', NULL, NULL),
(2310, 30, 'B2', 'Ложа', 2, 0, '2.00', '2025-06-06 06:59:44', '2025-06-06 06:59:44', NULL, NULL),
(2311, 30, 'B3', 'Ложа', 2, 0, '2.00', '2025-06-06 06:59:44', '2025-06-06 06:59:44', NULL, NULL),
(2312, 30, 'B4', 'Ложа', 2, 0, '2.00', '2025-06-06 06:59:44', '2025-06-06 06:59:44', NULL, NULL),
(2313, 30, 'B5', 'Ложа', 2, 0, '2.00', '2025-06-06 06:59:44', '2025-06-06 06:59:44', NULL, NULL),
(2314, 30, 'B6', 'Ложа', 2, 0, '2.00', '2025-06-06 06:59:44', '2025-06-06 06:59:44', NULL, NULL),
(2315, 30, 'B7', 'Ложа', 2, 0, '2.00', '2025-06-06 06:59:44', '2025-06-06 06:59:44', NULL, NULL),
(2316, 30, 'B8', 'Ложа', 2, 0, '2.00', '2025-06-06 06:59:44', '2025-06-06 06:59:44', NULL, NULL),
(2317, 30, 'B9', 'Ложа', 2, 0, '2.00', '2025-06-06 06:59:44', '2025-06-06 06:59:44', NULL, NULL),
(2318, 30, 'B10', 'Ложа', 2, 0, '2.00', '2025-06-06 06:59:44', '2025-06-06 06:59:44', NULL, NULL),
(2319, 30, 'B11', 'Ложа', 2, 0, '2.00', '2025-06-06 06:59:44', '2025-06-06 06:59:44', NULL, NULL),
(2320, 30, 'B12', 'Ложа', 2, 0, '2.00', '2025-06-06 06:59:44', '2025-06-06 06:59:44', NULL, NULL),
(2321, 30, 'B13', 'Ложа', 2, 0, '2.00', '2025-06-06 06:59:44', '2025-06-06 06:59:44', NULL, NULL),
(2322, 30, 'B14', 'Ложа', 2, 0, '2.00', '2025-06-06 06:59:44', '2025-06-06 06:59:44', NULL, NULL),
(2323, 30, 'B15', 'Ложа', 2, 0, '2.00', '2025-06-06 06:59:44', '2025-06-06 06:59:44', NULL, NULL),
(2324, 30, 'B16', 'Ложа', 2, 0, '2.00', '2025-06-06 06:59:44', '2025-06-06 06:59:44', NULL, NULL),
(2325, 30, 'B17', 'Ложа', 2, 0, '2.00', '2025-06-06 06:59:44', '2025-06-06 06:59:44', NULL, NULL),
(2326, 30, 'B18', 'Ложа', 2, 0, '2.00', '2025-06-06 06:59:44', '2025-06-06 06:59:44', NULL, NULL),
(2327, 30, 'B19', 'Ложа', 2, 0, '2.00', '2025-06-06 06:59:44', '2025-06-06 06:59:44', NULL, NULL),
(2328, 30, 'B20', 'Ложа', 2, 0, '2.00', '2025-06-06 06:59:44', '2025-06-06 06:59:44', NULL, NULL),
(2329, 30, 'C1', 'Партер', 3, 0, '1.50', '2025-06-06 06:59:44', '2025-06-06 06:59:44', NULL, NULL),
(2330, 30, 'C2', 'Партер', 3, 0, '1.50', '2025-06-06 06:59:44', '2025-06-06 06:59:44', NULL, NULL),
(2331, 30, 'C3', 'Партер', 3, 0, '1.50', '2025-06-06 06:59:44', '2025-06-06 06:59:44', NULL, NULL),
(2332, 30, 'C4', 'Партер', 3, 0, '1.50', '2025-06-06 06:59:44', '2025-06-06 06:59:44', NULL, NULL),
(2333, 30, 'C5', 'Партер', 3, 0, '1.50', '2025-06-06 06:59:44', '2025-06-06 06:59:44', NULL, NULL),
(2334, 30, 'C6', 'Партер', 3, 0, '1.50', '2025-06-06 06:59:44', '2025-06-06 06:59:44', NULL, NULL),
(2335, 30, 'C7', 'Партер', 3, 0, '1.50', '2025-06-06 06:59:44', '2025-06-06 06:59:44', NULL, NULL),
(2336, 30, 'C8', 'Партер', 3, 0, '1.50', '2025-06-06 06:59:44', '2025-06-06 06:59:44', NULL, NULL),
(2337, 30, 'C9', 'Партер', 3, 0, '1.50', '2025-06-06 06:59:44', '2025-06-06 06:59:44', NULL, NULL),
(2338, 30, 'C10', 'Партер', 3, 0, '1.50', '2025-06-06 06:59:44', '2025-06-06 06:59:44', NULL, NULL),
(2339, 30, 'C11', 'Партер', 3, 0, '1.50', '2025-06-06 06:59:44', '2025-06-06 06:59:44', NULL, NULL),
(2340, 30, 'C12', 'Партер', 3, 1, '1.50', '2025-06-06 06:59:44', '2025-06-06 07:14:19', NULL, 33),
(2341, 30, 'C13', 'Партер', 3, 1, '1.50', '2025-06-06 06:59:44', '2025-06-06 07:14:19', NULL, 33),
(2342, 30, 'C14', 'Партер', 3, 0, '1.50', '2025-06-06 06:59:44', '2025-06-06 06:59:44', NULL, NULL),
(2343, 30, 'C15', 'Партер', 3, 0, '1.50', '2025-06-06 06:59:44', '2025-06-06 06:59:44', NULL, NULL),
(2344, 30, 'C16', 'Партер', 3, 0, '1.50', '2025-06-06 06:59:44', '2025-06-06 06:59:44', NULL, NULL),
(2345, 30, 'C17', 'Партер', 3, 0, '1.50', '2025-06-06 06:59:44', '2025-06-06 06:59:44', NULL, NULL),
(2346, 30, 'C18', 'Партер', 3, 0, '1.50', '2025-06-06 06:59:44', '2025-06-06 06:59:44', NULL, NULL),
(2347, 30, 'C19', 'Партер', 3, 0, '1.50', '2025-06-06 06:59:44', '2025-06-06 06:59:44', NULL, NULL),
(2348, 30, 'C20', 'Партер', 3, 0, '1.50', '2025-06-06 06:59:44', '2025-06-06 06:59:44', NULL, NULL),
(2349, 30, 'D1', 'Партер', 4, 0, '1.50', '2025-06-06 06:59:44', '2025-06-06 06:59:44', NULL, NULL),
(2350, 30, 'D2', 'Партер', 4, 0, '1.50', '2025-06-06 06:59:44', '2025-06-06 06:59:44', NULL, NULL),
(2351, 30, 'D3', 'Партер', 4, 0, '1.50', '2025-06-06 06:59:44', '2025-06-06 06:59:44', NULL, NULL),
(2352, 30, 'D4', 'Партер', 4, 0, '1.50', '2025-06-06 06:59:44', '2025-06-06 06:59:44', NULL, NULL),
(2353, 30, 'D5', 'Партер', 4, 0, '1.50', '2025-06-06 06:59:44', '2025-06-06 06:59:44', NULL, NULL),
(2354, 30, 'D6', 'Партер', 4, 0, '1.50', '2025-06-06 06:59:44', '2025-06-06 06:59:44', NULL, NULL),
(2355, 30, 'D7', 'Партер', 4, 0, '1.50', '2025-06-06 06:59:44', '2025-06-06 06:59:44', NULL, NULL),
(2356, 30, 'D8', 'Партер', 4, 0, '1.50', '2025-06-06 06:59:44', '2025-06-06 06:59:44', NULL, NULL),
(2357, 30, 'D9', 'Партер', 4, 0, '1.50', '2025-06-06 06:59:44', '2025-06-06 06:59:44', NULL, NULL),
(2358, 30, 'D10', 'Партер', 4, 0, '1.50', '2025-06-06 06:59:44', '2025-06-06 06:59:44', NULL, NULL),
(2359, 30, 'D11', 'Партер', 4, 0, '1.50', '2025-06-06 06:59:44', '2025-06-06 06:59:44', NULL, NULL),
(2360, 30, 'D12', 'Партер', 4, 0, '1.50', '2025-06-06 06:59:44', '2025-06-06 06:59:44', NULL, NULL),
(2361, 30, 'D13', 'Партер', 4, 0, '1.50', '2025-06-06 06:59:44', '2025-06-06 06:59:44', NULL, NULL),
(2362, 30, 'D14', 'Партер', 4, 0, '1.50', '2025-06-06 06:59:44', '2025-06-06 06:59:44', NULL, NULL),
(2363, 30, 'D15', 'Партер', 4, 0, '1.50', '2025-06-06 06:59:44', '2025-06-06 06:59:44', NULL, NULL),
(2364, 30, 'D16', 'Партер', 4, 0, '1.50', '2025-06-06 06:59:44', '2025-06-06 06:59:44', NULL, NULL),
(2365, 30, 'D17', 'Партер', 4, 0, '1.50', '2025-06-06 06:59:44', '2025-06-06 06:59:44', NULL, NULL),
(2366, 30, 'D18', 'Партер', 4, 0, '1.50', '2025-06-06 06:59:44', '2025-06-06 06:59:44', NULL, NULL),
(2367, 30, 'D19', 'Партер', 4, 0, '1.50', '2025-06-06 06:59:44', '2025-06-06 06:59:44', NULL, NULL),
(2368, 30, 'D20', 'Партер', 4, 0, '1.50', '2025-06-06 06:59:44', '2025-06-06 06:59:44', NULL, NULL),
(2369, 30, 'E1', 'Партер', 5, 0, '1.50', '2025-06-06 06:59:44', '2025-06-06 06:59:44', NULL, NULL),
(2370, 30, 'E2', 'Партер', 5, 0, '1.50', '2025-06-06 06:59:44', '2025-06-06 06:59:44', NULL, NULL),
(2371, 30, 'E3', 'Партер', 5, 0, '1.50', '2025-06-06 06:59:44', '2025-06-06 06:59:44', NULL, NULL),
(2372, 30, 'E4', 'Партер', 5, 0, '1.50', '2025-06-06 06:59:44', '2025-06-06 06:59:44', NULL, NULL),
(2373, 30, 'E5', 'Партер', 5, 0, '1.50', '2025-06-06 06:59:44', '2025-06-06 06:59:44', NULL, NULL),
(2374, 30, 'E6', 'Партер', 5, 0, '1.50', '2025-06-06 06:59:44', '2025-06-06 06:59:44', NULL, NULL),
(2375, 30, 'E7', 'Партер', 5, 0, '1.50', '2025-06-06 06:59:44', '2025-06-06 06:59:44', NULL, NULL),
(2376, 30, 'E8', 'Партер', 5, 0, '1.50', '2025-06-06 06:59:44', '2025-06-06 06:59:44', NULL, NULL),
(2377, 30, 'E9', 'Партер', 5, 0, '1.50', '2025-06-06 06:59:44', '2025-06-06 06:59:44', NULL, NULL),
(2378, 30, 'E10', 'Партер', 5, 0, '1.50', '2025-06-06 06:59:44', '2025-06-06 06:59:44', NULL, NULL),
(2379, 30, 'E11', 'Партер', 5, 0, '1.50', '2025-06-06 06:59:44', '2025-06-06 06:59:44', NULL, NULL),
(2380, 30, 'E12', 'Партер', 5, 0, '1.50', '2025-06-06 06:59:44', '2025-06-06 06:59:44', NULL, NULL),
(2381, 30, 'E13', 'Партер', 5, 0, '1.50', '2025-06-06 06:59:44', '2025-06-06 06:59:44', NULL, NULL),
(2382, 30, 'E14', 'Партер', 5, 0, '1.50', '2025-06-06 06:59:44', '2025-06-06 06:59:44', NULL, NULL),
(2383, 30, 'E15', 'Партер', 5, 0, '1.50', '2025-06-06 06:59:44', '2025-06-06 06:59:44', NULL, NULL),
(2384, 30, 'E16', 'Партер', 5, 0, '1.50', '2025-06-06 06:59:44', '2025-06-06 06:59:44', NULL, NULL),
(2385, 30, 'E17', 'Партер', 5, 0, '1.50', '2025-06-06 06:59:44', '2025-06-06 06:59:44', NULL, NULL),
(2386, 30, 'E18', 'Партер', 5, 0, '1.50', '2025-06-06 06:59:44', '2025-06-06 06:59:44', NULL, NULL),
(2387, 30, 'E19', 'Партер', 5, 0, '1.50', '2025-06-06 06:59:44', '2025-06-06 06:59:44', NULL, NULL),
(2388, 30, 'E20', 'Партер', 5, 0, '1.50', '2025-06-06 06:59:44', '2025-06-06 06:59:44', NULL, NULL),
(2389, 30, 'F1', 'Партер', 6, 0, '1.50', '2025-06-06 06:59:44', '2025-06-06 06:59:44', NULL, NULL),
(2390, 30, 'F2', 'Партер', 6, 0, '1.50', '2025-06-06 06:59:44', '2025-06-06 06:59:44', NULL, NULL),
(2391, 30, 'F3', 'Партер', 6, 0, '1.50', '2025-06-06 06:59:44', '2025-06-06 06:59:44', NULL, NULL),
(2392, 30, 'F4', 'Партер', 6, 0, '1.50', '2025-06-06 06:59:44', '2025-06-06 06:59:44', NULL, NULL),
(2393, 30, 'F5', 'Партер', 6, 0, '1.50', '2025-06-06 06:59:44', '2025-06-06 06:59:44', NULL, NULL),
(2394, 30, 'F6', 'Партер', 6, 0, '1.50', '2025-06-06 06:59:44', '2025-06-06 06:59:44', NULL, NULL),
(2395, 30, 'F7', 'Партер', 6, 0, '1.50', '2025-06-06 06:59:44', '2025-06-06 06:59:44', NULL, NULL),
(2396, 30, 'F8', 'Партер', 6, 0, '1.50', '2025-06-06 06:59:44', '2025-06-06 06:59:44', NULL, NULL),
(2397, 30, 'F9', 'Партер', 6, 0, '1.50', '2025-06-06 06:59:44', '2025-06-06 06:59:44', NULL, NULL),
(2398, 30, 'F10', 'Партер', 6, 0, '1.50', '2025-06-06 06:59:44', '2025-06-06 06:59:44', NULL, NULL),
(2399, 30, 'F11', 'Партер', 6, 0, '1.50', '2025-06-06 06:59:44', '2025-06-06 06:59:44', NULL, NULL),
(2400, 30, 'F12', 'Партер', 6, 0, '1.50', '2025-06-06 06:59:44', '2025-06-06 06:59:44', NULL, NULL),
(2401, 30, 'F13', 'Партер', 6, 0, '1.50', '2025-06-06 06:59:44', '2025-06-06 06:59:44', NULL, NULL),
(2402, 30, 'F14', 'Партер', 6, 0, '1.50', '2025-06-06 06:59:44', '2025-06-06 06:59:44', NULL, NULL),
(2403, 30, 'F15', 'Партер', 6, 0, '1.50', '2025-06-06 06:59:44', '2025-06-06 06:59:44', NULL, NULL),
(2404, 30, 'F16', 'Партер', 6, 0, '1.50', '2025-06-06 06:59:44', '2025-06-06 06:59:44', NULL, NULL),
(2405, 30, 'F17', 'Партер', 6, 0, '1.50', '2025-06-06 06:59:44', '2025-06-06 06:59:44', NULL, NULL),
(2406, 30, 'F18', 'Партер', 6, 0, '1.50', '2025-06-06 06:59:44', '2025-06-06 06:59:44', NULL, NULL),
(2407, 30, 'F19', 'Партер', 6, 0, '1.50', '2025-06-06 06:59:44', '2025-06-06 06:59:44', NULL, NULL),
(2408, 30, 'F20', 'Партер', 6, 0, '1.50', '2025-06-06 06:59:44', '2025-06-06 06:59:44', NULL, NULL),
(2409, 30, 'G1', 'Партер', 7, 0, '1.50', '2025-06-06 06:59:44', '2025-06-06 06:59:44', NULL, NULL),
(2410, 30, 'G2', 'Партер', 7, 0, '1.50', '2025-06-06 06:59:44', '2025-06-06 06:59:44', NULL, NULL),
(2411, 30, 'G3', 'Партер', 7, 0, '1.50', '2025-06-06 06:59:44', '2025-06-06 06:59:44', NULL, NULL),
(2412, 30, 'G4', 'Партер', 7, 0, '1.50', '2025-06-06 06:59:44', '2025-06-06 06:59:44', NULL, NULL),
(2413, 30, 'G5', 'Партер', 7, 0, '1.50', '2025-06-06 06:59:44', '2025-06-06 06:59:44', NULL, NULL),
(2414, 30, 'G6', 'Партер', 7, 0, '1.50', '2025-06-06 06:59:44', '2025-06-06 06:59:44', NULL, NULL),
(2415, 30, 'G7', 'Партер', 7, 0, '1.50', '2025-06-06 06:59:44', '2025-06-06 06:59:44', NULL, NULL),
(2416, 30, 'G8', 'Партер', 7, 0, '1.50', '2025-06-06 06:59:44', '2025-06-06 06:59:44', NULL, NULL),
(2417, 30, 'G9', 'Партер', 7, 0, '1.50', '2025-06-06 06:59:44', '2025-06-06 06:59:44', NULL, NULL),
(2418, 30, 'G10', 'Партер', 7, 0, '1.50', '2025-06-06 06:59:44', '2025-06-06 06:59:44', NULL, NULL),
(2419, 30, 'G11', 'Партер', 7, 0, '1.50', '2025-06-06 06:59:44', '2025-06-06 06:59:44', NULL, NULL),
(2420, 30, 'G12', 'Партер', 7, 0, '1.50', '2025-06-06 06:59:44', '2025-06-06 06:59:44', NULL, NULL),
(2421, 30, 'G13', 'Партер', 7, 0, '1.50', '2025-06-06 06:59:44', '2025-06-06 06:59:44', NULL, NULL),
(2422, 30, 'G14', 'Партер', 7, 0, '1.50', '2025-06-06 06:59:44', '2025-06-06 06:59:44', NULL, NULL),
(2423, 30, 'G15', 'Партер', 7, 0, '1.50', '2025-06-06 06:59:44', '2025-06-06 06:59:44', NULL, NULL),
(2424, 30, 'G16', 'Партер', 7, 0, '1.50', '2025-06-06 06:59:44', '2025-06-06 06:59:44', NULL, NULL),
(2425, 30, 'G17', 'Партер', 7, 0, '1.50', '2025-06-06 06:59:44', '2025-06-06 06:59:44', NULL, NULL),
(2426, 30, 'G18', 'Партер', 7, 0, '1.50', '2025-06-06 06:59:44', '2025-06-06 06:59:44', NULL, NULL),
(2427, 30, 'G19', 'Партер', 7, 0, '1.50', '2025-06-06 06:59:44', '2025-06-06 06:59:44', NULL, NULL),
(2428, 30, 'G20', 'Партер', 7, 0, '1.50', '2025-06-06 06:59:44', '2025-06-06 06:59:44', NULL, NULL),
(2429, 30, 'H1', 'Балкон', 8, 0, '1.00', '2025-06-06 06:59:44', '2025-06-06 06:59:44', NULL, NULL),
(2430, 30, 'H2', 'Балкон', 8, 0, '1.00', '2025-06-06 06:59:44', '2025-06-06 06:59:44', NULL, NULL),
(2431, 30, 'H3', 'Балкон', 8, 0, '1.00', '2025-06-06 06:59:44', '2025-06-06 06:59:44', NULL, NULL),
(2432, 30, 'H4', 'Балкон', 8, 0, '1.00', '2025-06-06 06:59:44', '2025-06-06 06:59:44', NULL, NULL),
(2433, 30, 'H5', 'Балкон', 8, 0, '1.00', '2025-06-06 06:59:44', '2025-06-06 06:59:44', NULL, NULL),
(2434, 30, 'H6', 'Балкон', 8, 0, '1.00', '2025-06-06 06:59:44', '2025-06-06 06:59:44', NULL, NULL),
(2435, 30, 'H7', 'Балкон', 8, 0, '1.00', '2025-06-06 06:59:44', '2025-06-06 06:59:44', NULL, NULL),
(2436, 30, 'H8', 'Балкон', 8, 0, '1.00', '2025-06-06 06:59:44', '2025-06-06 06:59:44', NULL, NULL),
(2437, 30, 'H9', 'Балкон', 8, 0, '1.00', '2025-06-06 06:59:44', '2025-06-06 06:59:44', NULL, NULL),
(2438, 30, 'H10', 'Балкон', 8, 0, '1.00', '2025-06-06 06:59:44', '2025-06-06 06:59:44', NULL, NULL),
(2439, 30, 'H11', 'Балкон', 8, 0, '1.00', '2025-06-06 06:59:44', '2025-06-06 06:59:44', NULL, NULL),
(2440, 30, 'H12', 'Балкон', 8, 0, '1.00', '2025-06-06 06:59:44', '2025-06-06 06:59:44', NULL, NULL),
(2441, 30, 'H13', 'Балкон', 8, 0, '1.00', '2025-06-06 06:59:44', '2025-06-06 06:59:44', NULL, NULL),
(2442, 30, 'H14', 'Балкон', 8, 0, '1.00', '2025-06-06 06:59:44', '2025-06-06 06:59:44', NULL, NULL),
(2443, 30, 'H15', 'Балкон', 8, 0, '1.00', '2025-06-06 06:59:44', '2025-06-06 06:59:44', NULL, NULL),
(2444, 30, 'H16', 'Балкон', 8, 0, '1.00', '2025-06-06 06:59:44', '2025-06-06 06:59:44', NULL, NULL),
(2445, 30, 'H17', 'Балкон', 8, 0, '1.00', '2025-06-06 06:59:44', '2025-06-06 06:59:44', NULL, NULL),
(2446, 30, 'H18', 'Балкон', 8, 0, '1.00', '2025-06-06 06:59:44', '2025-06-06 06:59:44', NULL, NULL),
(2447, 30, 'H19', 'Балкон', 8, 0, '1.00', '2025-06-06 06:59:44', '2025-06-06 06:59:44', NULL, NULL),
(2448, 30, 'H20', 'Балкон', 8, 0, '1.00', '2025-06-06 06:59:44', '2025-06-06 06:59:44', NULL, NULL),
(2449, 30, 'I1', 'Балкон', 9, 0, '1.00', '2025-06-06 06:59:44', '2025-06-06 06:59:44', NULL, NULL),
(2450, 30, 'I2', 'Балкон', 9, 0, '1.00', '2025-06-06 06:59:44', '2025-06-06 06:59:44', NULL, NULL),
(2451, 30, 'I3', 'Балкон', 9, 0, '1.00', '2025-06-06 06:59:44', '2025-06-06 06:59:44', NULL, NULL),
(2452, 30, 'I4', 'Балкон', 9, 0, '1.00', '2025-06-06 06:59:44', '2025-06-06 06:59:44', NULL, NULL),
(2453, 30, 'I5', 'Балкон', 9, 0, '1.00', '2025-06-06 06:59:44', '2025-06-06 06:59:44', NULL, NULL),
(2454, 30, 'I6', 'Балкон', 9, 0, '1.00', '2025-06-06 06:59:44', '2025-06-06 06:59:44', NULL, NULL),
(2455, 30, 'I7', 'Балкон', 9, 0, '1.00', '2025-06-06 06:59:44', '2025-06-06 06:59:44', NULL, NULL),
(2456, 30, 'I8', 'Балкон', 9, 0, '1.00', '2025-06-06 06:59:44', '2025-06-06 06:59:44', NULL, NULL),
(2457, 30, 'I9', 'Балкон', 9, 0, '1.00', '2025-06-06 06:59:44', '2025-06-06 06:59:44', NULL, NULL),
(2458, 30, 'I10', 'Балкон', 9, 0, '1.00', '2025-06-06 06:59:44', '2025-06-06 06:59:44', NULL, NULL),
(2459, 30, 'I11', 'Балкон', 9, 0, '1.00', '2025-06-06 06:59:44', '2025-06-06 06:59:44', NULL, NULL),
(2460, 30, 'I12', 'Балкон', 9, 0, '1.00', '2025-06-06 06:59:44', '2025-06-06 06:59:44', NULL, NULL),
(2461, 30, 'I13', 'Балкон', 9, 0, '1.00', '2025-06-06 06:59:44', '2025-06-06 06:59:44', NULL, NULL),
(2462, 30, 'I14', 'Балкон', 9, 0, '1.00', '2025-06-06 06:59:44', '2025-06-06 06:59:44', NULL, NULL),
(2463, 30, 'I15', 'Балкон', 9, 0, '1.00', '2025-06-06 06:59:44', '2025-06-06 06:59:44', NULL, NULL),
(2464, 30, 'I16', 'Балкон', 9, 0, '1.00', '2025-06-06 06:59:44', '2025-06-06 06:59:44', NULL, NULL),
(2465, 30, 'I17', 'Балкон', 9, 0, '1.00', '2025-06-06 06:59:44', '2025-06-06 06:59:44', NULL, NULL),
(2466, 30, 'I18', 'Балкон', 9, 0, '1.00', '2025-06-06 06:59:44', '2025-06-06 06:59:44', NULL, NULL),
(2467, 30, 'I19', 'Балкон', 9, 0, '1.00', '2025-06-06 06:59:44', '2025-06-06 06:59:44', NULL, NULL),
(2468, 30, 'I20', 'Балкон', 9, 0, '1.00', '2025-06-06 06:59:44', '2025-06-06 06:59:44', NULL, NULL),
(2469, 30, 'J1', 'Балкон', 10, 0, '1.00', '2025-06-06 06:59:44', '2025-06-06 06:59:44', NULL, NULL),
(2470, 30, 'J2', 'Балкон', 10, 0, '1.00', '2025-06-06 06:59:44', '2025-06-06 06:59:44', NULL, NULL),
(2471, 30, 'J3', 'Балкон', 10, 0, '1.00', '2025-06-06 06:59:44', '2025-06-06 06:59:44', NULL, NULL),
(2472, 30, 'J4', 'Балкон', 10, 0, '1.00', '2025-06-06 06:59:44', '2025-06-06 06:59:44', NULL, NULL),
(2473, 30, 'J5', 'Балкон', 10, 0, '1.00', '2025-06-06 06:59:44', '2025-06-06 06:59:44', NULL, NULL),
(2474, 30, 'J6', 'Балкон', 10, 0, '1.00', '2025-06-06 06:59:44', '2025-06-06 06:59:44', NULL, NULL),
(2475, 30, 'J7', 'Балкон', 10, 0, '1.00', '2025-06-06 06:59:44', '2025-06-06 06:59:44', NULL, NULL),
(2476, 30, 'J8', 'Балкон', 10, 0, '1.00', '2025-06-06 06:59:44', '2025-06-06 06:59:44', NULL, NULL),
(2477, 30, 'J9', 'Балкон', 10, 0, '1.00', '2025-06-06 06:59:44', '2025-06-06 06:59:44', NULL, NULL),
(2478, 30, 'J10', 'Балкон', 10, 0, '1.00', '2025-06-06 06:59:44', '2025-06-06 06:59:44', NULL, NULL),
(2479, 30, 'J11', 'Балкон', 10, 0, '1.00', '2025-06-06 06:59:44', '2025-06-06 06:59:44', NULL, NULL),
(2480, 30, 'J12', 'Балкон', 10, 0, '1.00', '2025-06-06 06:59:44', '2025-06-06 06:59:44', NULL, NULL),
(2481, 30, 'J13', 'Балкон', 10, 0, '1.00', '2025-06-06 06:59:44', '2025-06-06 06:59:44', NULL, NULL),
(2482, 30, 'J14', 'Балкон', 10, 0, '1.00', '2025-06-06 06:59:44', '2025-06-06 06:59:44', NULL, NULL),
(2483, 30, 'J15', 'Балкон', 10, 0, '1.00', '2025-06-06 06:59:44', '2025-06-06 06:59:44', NULL, NULL),
(2484, 30, 'J16', 'Балкон', 10, 0, '1.00', '2025-06-06 06:59:44', '2025-06-06 06:59:44', NULL, NULL),
(2485, 30, 'J17', 'Балкон', 10, 0, '1.00', '2025-06-06 06:59:44', '2025-06-06 06:59:44', NULL, NULL),
(2486, 30, 'J18', 'Балкон', 10, 0, '1.00', '2025-06-06 06:59:44', '2025-06-06 06:59:44', NULL, NULL),
(2487, 30, 'J19', 'Балкон', 10, 0, '1.00', '2025-06-06 06:59:44', '2025-06-06 06:59:44', NULL, NULL),
(2488, 30, 'J20', 'Балкон', 10, 0, '1.00', '2025-06-06 06:59:44', '2025-06-06 06:59:44', NULL, NULL);

-- --------------------------------------------------------

--
-- Структура таблицы `Tickets`
--

CREATE TABLE `Tickets` (
  `ticket_id` int(11) NOT NULL,
  `event_id` int(11) NOT NULL,
  `ticket_type` varchar(50) NOT NULL,
  `price` decimal(10,2) NOT NULL,
  `quantity_available` int(11) NOT NULL,
  `booking_start` datetime DEFAULT NULL,
  `booking_end` datetime DEFAULT NULL,
  `deleted_at` datetime DEFAULT NULL
) ENGINE=InnoDB DEFAULT CHARSET=utf8mb4;

--
-- Дамп данных таблицы `Tickets`
--

INSERT INTO `Tickets` (`ticket_id`, `event_id`, `ticket_type`, `price`, `quantity_available`, `booking_start`, `booking_end`, `deleted_at`) VALUES
(1, 1, 'Стандарт', '1500.00', 200, '2025-05-01 00:00:00', '2025-06-14 23:59:59', NULL),
(2, 1, 'VIP', '3500.00', 50, '2025-05-01 00:00:00', '2025-06-14 23:59:59', NULL),
(3, 2, 'Общий вход', '800.00', 150, '2025-06-01 00:00:00', '2025-07-19 23:59:59', NULL),
(4, 3, 'Бесплатный вход', '0.00', 1000, '2025-07-01 00:00:00', '2025-08-29 23:59:59', NULL),
(5, 4, 'Бесплатный вход', '0.00', 500, '2025-05-20 00:00:00', '2025-06-09 23:59:59', NULL),
(6, 5, 'Бесплатный вход', '0.00', 200, '2025-06-01 00:00:00', '2025-08-14 23:59:59', NULL),
(7, 6, 'Стандарт', '1500.00', 300, '2025-06-01 00:00:00', '2025-09-04 23:59:59', NULL),
(8, 6, 'VIP', '2500.00', 50, '2025-06-01 00:00:00', '2025-09-04 23:59:59', NULL),
(9, 7, 'Бесплатный вход', '0.00', 1000, '2025-06-01 00:00:00', '2025-07-18 23:59:59', NULL),
(10, 8, 'Дневной сеанс', '500.00', 100, '2025-08-01 00:00:00', '2025-09-30 23:59:59', NULL),
(11, 8, 'Вечерний сеанс', '800.00', 150, '2025-08-01 00:00:00', '2025-09-30 23:59:59', NULL);

-- --------------------------------------------------------

--
-- Структура таблицы `Users`
--

CREATE TABLE `Users` (
  `user_id` int(11) NOT NULL,
  `username` varchar(50) NOT NULL,
  `email` varchar(100) NOT NULL,
  `password_hash` varchar(255) NOT NULL,
  `phone` varchar(20) DEFAULT NULL,
  `role` varchar(20) NOT NULL,
  `registration_date` timestamp NULL DEFAULT current_timestamp(),
  `is_active` tinyint(1) DEFAULT 1,
  `updated_at` datetime NOT NULL,
  `created_at` datetime NOT NULL,
  `deleted_at` datetime DEFAULT NULL
) ENGINE=InnoDB DEFAULT CHARSET=utf8mb4;

--
-- Дамп данных таблицы `Users`
--

INSERT INTO `Users` (`user_id`, `username`, `email`, `password_hash`, `phone`, `role`, `registration_date`, `is_active`, `updated_at`, `created_at`, `deleted_at`) VALUES
(1, 'ivanov', 'ivanov@example.com', '$2y$10$92IXUNpkjO0rOQ5byMi.Ye4oKoEa3Ro9llC/.og/at2.uheWG/igi', '+79161234567', 'user', '2025-05-13 06:03:08', 1, '0000-00-00 00:00:00', '0000-00-00 00:00:00', NULL),
(2, 'petrova', 'petrova@example.com', '$2y$10$92IXUNpkjO0rOQ5byMi.Ye4oKoEa3Ro9llC/.og/at2.uheWG/igi', '+79167654321', 'user', '2025-05-13 06:03:08', 1, '2025-06-01 10:27:00', '0000-00-00 00:00:00', '2025-06-01 10:27:00'),
(3, 'sidorov', 'sidorov@example.com', '$2y$10$92IXUNpkjO0rOQ5byMi.Ye4oKoEa3Ro9llC/.og/at2.uheWG/igi', '+79165554433', 'user', '2025-05-13 06:03:08', 1, '2025-05-28 22:18:41', '0000-00-00 00:00:00', NULL),
(4, 'admins', 'admin@example.com', '$2y$10$92IXUNpkjO0rOQ5byMi.Ye4oKoEa3Ro9llC/.og/at2.uheWG/igi', '+79160000000', 'admin', '2025-05-13 06:03:08', 1, '0000-00-00 00:00:00', '0000-00-00 00:00:00', NULL),
(5, 'user', 'user@user', '$2y$12$jO5sBIDCEsSY6PCTdj0Kfe0g/eWUzb7/d.zIIgXVNsOlB3ITo1Fn.', '88005553535', 'user', '2025-05-28 18:42:55', 1, '2025-05-28 18:42:55', '2025-05-28 18:42:55', NULL),
(6, 'admin', 'admin@gmail.com', '$2y$12$wQgdBh5Z2VnlNo1KzbE3OuwAaS05.irt8MV5uY9bmkWmWgIjTKiLC', '88005553535', 'admin', '2025-05-28 20:33:42', 1, '2025-05-28 20:33:42', '2025-05-28 20:33:42', NULL),
(12, 'qwertyuioop', 'qwertyuioop@qwertyuioop', '$2y$12$QRG.U3TePXlzOndY2J3/u.iqsuMa/HgJQqxmk.HbBHw9GMLawv4PG', 'qwertyuioop', 'organizer', '2025-06-01 09:50:46', 1, '2025-06-01 09:50:46', '2025-06-01 09:50:46', NULL),
(13, 'organizer@gmail.com', 'organizer@gmail.com', '$2y$12$uEhd70LE/5GsiNqXpNuLGOjDsO/M8rD3ax.ePsFBuzgL056PGFMU2', 'organizer@organizers', 'organizer', '2025-06-01 11:55:39', 1, '2025-06-01 11:55:39', '2025-06-01 11:55:39', NULL),
(14, 'userOne', 'userOne@gmail.com', '$2y$12$yz8Xbv/iKPav.1zWj2zrMO/lrpUpikrwF96.6mrp.RpUM.9EYOeKe', '88005552525', 'user', '2025-06-06 06:04:04', 1, '2025-06-06 06:04:04', '2025-06-06 06:04:04', NULL),
(15, 'newOrganiz', 'newOrganiz@gmail.com', '$2y$12$isBKUMHt3bY6yGvsoqRO4.qMpS4a1MNWaEH9ObYixknAfjMkTmfd.', '88005553535', 'organizer', '2025-06-06 06:09:31', 1, '2025-06-06 06:25:33', '2025-06-06 06:09:31', '2025-06-06 06:25:33'),
(16, 'newOrganizer', 'newOrganizer@gmail.com', '$2y$12$Jq927q7A0Ookrefq3XlxGegdbSu4BEXPnCoWM58F6nznJex/lxUXu', '88005553535', 'organizer', '2025-06-06 06:58:45', 1, '2025-06-06 06:58:45', '2025-06-06 06:58:45', NULL),
(17, 'newUser', 'newUser@gmail.com', '$2y$12$NS2KcvvprI9f7VSmzWw57OGTVtRVr5GZPffpcyz7L8SniiQDR1e3.', '88005553535', 'user', '2025-06-06 07:03:58', 1, '2025-06-06 07:03:58', '2025-06-06 07:03:58', NULL),
(18, 'userStud', 'userStud@gmail.com', '$2y$12$77P5FcCJoofKVgpt.8yzn.TZwlGgCKzJtgD9EVnLl4u8DTRnmWKr6', '88005553535', 'user', '2025-06-06 07:09:26', 1, '2025-06-06 07:09:26', '2025-06-06 07:09:26', NULL);

--
-- Индексы сохранённых таблиц
--

--
-- Индексы таблицы `Bookings`
--
ALTER TABLE `Bookings`
  ADD PRIMARY KEY (`booking_id`),
  ADD KEY `user_id` (`user_id`),
  ADD KEY `ticket_id` (`ticket_id`),
  ADD KEY `seat_id` (`seat_id`);

--
-- Индексы таблицы `Events`
--
ALTER TABLE `Events`
  ADD PRIMARY KEY (`event_id`),
  ADD KEY `organizer_id` (`organizer_id`);

--
-- Индексы таблицы `Favorites`
--
ALTER TABLE `Favorites`
  ADD PRIMARY KEY (`favorite_id`),
  ADD UNIQUE KEY `user_id` (`user_id`,`event_id`),
  ADD KEY `event_id` (`event_id`);

--
-- Индексы таблицы `News`
--
ALTER TABLE `News`
  ADD PRIMARY KEY (`news_id`),
  ADD KEY `organizer_id` (`organizer_id`);

--
-- Индексы таблицы `Notifications`
--
ALTER TABLE `Notifications`
  ADD PRIMARY KEY (`notification_id`),
  ADD KEY `user_id` (`user_id`);

--
-- Индексы таблицы `Organizers`
--
ALTER TABLE `Organizers`
  ADD PRIMARY KEY (`organizer_id`),
  ADD KEY `user_id` (`user_id`);

--
-- Индексы таблицы `Reviews`
--
ALTER TABLE `Reviews`
  ADD PRIMARY KEY (`review_id`),
  ADD KEY `user_id` (`user_id`),
  ADD KEY `event_id` (`event_id`);

--
-- Индексы таблицы `Seats`
--
ALTER TABLE `Seats`
  ADD PRIMARY KEY (`seat_id`),
  ADD KEY `event_id` (`event_id`);

--
-- Индексы таблицы `Tickets`
--
ALTER TABLE `Tickets`
  ADD PRIMARY KEY (`ticket_id`),
  ADD KEY `event_id` (`event_id`);

--
-- Индексы таблицы `Users`
--
ALTER TABLE `Users`
  ADD PRIMARY KEY (`user_id`),
  ADD UNIQUE KEY `email` (`email`);

--
-- AUTO_INCREMENT для сохранённых таблиц
--

--
-- AUTO_INCREMENT для таблицы `Bookings`
--
ALTER TABLE `Bookings`
  MODIFY `booking_id` int(11) NOT NULL AUTO_INCREMENT, AUTO_INCREMENT=35;

--
-- AUTO_INCREMENT для таблицы `Events`
--
ALTER TABLE `Events`
  MODIFY `event_id` int(11) NOT NULL AUTO_INCREMENT, AUTO_INCREMENT=32;

--
-- AUTO_INCREMENT для таблицы `Favorites`
--
ALTER TABLE `Favorites`
  MODIFY `favorite_id` int(11) NOT NULL AUTO_INCREMENT, AUTO_INCREMENT=15;

--
-- AUTO_INCREMENT для таблицы `News`
--
ALTER TABLE `News`
  MODIFY `news_id` int(11) NOT NULL AUTO_INCREMENT, AUTO_INCREMENT=3;

--
-- AUTO_INCREMENT для таблицы `Notifications`
--
ALTER TABLE `Notifications`
  MODIFY `notification_id` int(11) NOT NULL AUTO_INCREMENT, AUTO_INCREMENT=3;

--
-- AUTO_INCREMENT для таблицы `Organizers`
--
ALTER TABLE `Organizers`
  MODIFY `organizer_id` int(11) NOT NULL AUTO_INCREMENT, AUTO_INCREMENT=9;

--
-- AUTO_INCREMENT для таблицы `Reviews`
--
ALTER TABLE `Reviews`
  MODIFY `review_id` int(11) NOT NULL AUTO_INCREMENT, AUTO_INCREMENT=3;

--
-- AUTO_INCREMENT для таблицы `Seats`
--
ALTER TABLE `Seats`
  MODIFY `seat_id` int(11) NOT NULL AUTO_INCREMENT, AUTO_INCREMENT=2564;

--
-- AUTO_INCREMENT для таблицы `Tickets`
--
ALTER TABLE `Tickets`
  MODIFY `ticket_id` int(11) NOT NULL AUTO_INCREMENT, AUTO_INCREMENT=12;

--
-- AUTO_INCREMENT для таблицы `Users`
--
ALTER TABLE `Users`
  MODIFY `user_id` int(11) NOT NULL AUTO_INCREMENT, AUTO_INCREMENT=19;

--
-- Ограничения внешнего ключа сохраненных таблиц
--

--
-- Ограничения внешнего ключа таблицы `Bookings`
--
ALTER TABLE `Bookings`
  ADD CONSTRAINT `bookings_ibfk_1` FOREIGN KEY (`user_id`) REFERENCES `Users` (`user_id`),
  ADD CONSTRAINT `bookings_ibfk_2` FOREIGN KEY (`ticket_id`) REFERENCES `Tickets` (`ticket_id`),
  ADD CONSTRAINT `bookings_ibfk_3` FOREIGN KEY (`seat_id`) REFERENCES `Seats` (`seat_id`);

--
-- Ограничения внешнего ключа таблицы `Events`
--
ALTER TABLE `Events`
  ADD CONSTRAINT `events_ibfk_1` FOREIGN KEY (`organizer_id`) REFERENCES `Organizers` (`organizer_id`);

--
-- Ограничения внешнего ключа таблицы `Favorites`
--
ALTER TABLE `Favorites`
  ADD CONSTRAINT `favorites_ibfk_1` FOREIGN KEY (`user_id`) REFERENCES `Users` (`user_id`),
  ADD CONSTRAINT `favorites_ibfk_2` FOREIGN KEY (`event_id`) REFERENCES `Events` (`event_id`);

--
-- Ограничения внешнего ключа таблицы `News`
--
ALTER TABLE `News`
  ADD CONSTRAINT `news_ibfk_1` FOREIGN KEY (`organizer_id`) REFERENCES `Organizers` (`organizer_id`);

--
-- Ограничения внешнего ключа таблицы `Notifications`
--
ALTER TABLE `Notifications`
  ADD CONSTRAINT `notifications_ibfk_1` FOREIGN KEY (`user_id`) REFERENCES `Users` (`user_id`);

--
-- Ограничения внешнего ключа таблицы `Organizers`
--
ALTER TABLE `Organizers`
  ADD CONSTRAINT `organizers_ibfk_1` FOREIGN KEY (`user_id`) REFERENCES `Users` (`user_id`);

--
-- Ограничения внешнего ключа таблицы `Reviews`
--
ALTER TABLE `Reviews`
  ADD CONSTRAINT `reviews_ibfk_1` FOREIGN KEY (`user_id`) REFERENCES `Users` (`user_id`),
  ADD CONSTRAINT `reviews_ibfk_2` FOREIGN KEY (`event_id`) REFERENCES `Events` (`event_id`);

--
-- Ограничения внешнего ключа таблицы `Seats`
--
ALTER TABLE `Seats`
  ADD CONSTRAINT `seats_ibfk_1` FOREIGN KEY (`event_id`) REFERENCES `Events` (`event_id`) ON DELETE CASCADE ON UPDATE CASCADE;

--
-- Ограничения внешнего ключа таблицы `Tickets`
--
ALTER TABLE `Tickets`
  ADD CONSTRAINT `tickets_ibfk_1` FOREIGN KEY (`event_id`) REFERENCES `Events` (`event_id`);
COMMIT;

/*!40101 SET CHARACTER_SET_CLIENT=@OLD_CHARACTER_SET_CLIENT */;
/*!40101 SET CHARACTER_SET_RESULTS=@OLD_CHARACTER_SET_RESULTS */;
/*!40101 SET COLLATION_CONNECTION=@OLD_COLLATION_CONNECTION */;
